Workbook

Sheet Fichas clínicas
A1: CÓDIGO MASCOTA | B1: RUT CLIENTE | C1: NOMBRE | D1: ESPECIE | E1: RAZA | F1: SEXO | G1: COLOR | H1: TATUAJE | I1: CHIP | J1: FECHA NACIMIENTO | K1: PRÓXIMA VACUNACIÓN | L1: PRÓXIMA VACUNACIÓN 2 | M1: PRÓXIMA ANTIRÁBICA | N1: PRÓXIMA DESPARASITACIÓN | O1: PRÓXIMO CONTROL | P1: OBSERVACIÓN | Q1: ESTADO | R1: OBSERVACIONES CERTIFICADO 1 | S1: OBSERVACIONES CERTIFICADO 2 | T1: FECHA CERTIFICADO | U1: DOCTORES | V1: ESTERILIZADO | W1: ALIMENTOS | X1: VACUNA | Y1: VACUNA 2 | Z1: AVISO VAC 1 | AA1: AVISO VAC 2 | AB1: AVISO ANTIRRÁBICA | AC1: AVISO DESPARASITACIÓN | AD1: AVISO CONTROL | AE1: AUX | AF1: ID_ESPECIE | AG1: ESPECIE_RAZA | AH1: ID_RAZA | AI1: SEXO_SIGLA
A2: 1 | B2: 12748091-5 | C2: ABBY | D2: Canis lupus familiaris | E2: Mestizo | F2: Hembra | G2: crema blanco | J2: 2020-08-26 | K2: 2020-12-01 | L2: 0000-00-00 | M2: 0000-00-00 | N2: 2020-12-01 | O2: 0000-00-00 | Q2: 0 | T2: 0000-00-00 | U2: 0 | V2: 0 | W2: 0 | X2: 1 | Y2: 0 | Z2: 0 | AA2: 0 | AB2: 0 | AC2: 0 | AD2: 0 | AE2: =SUBTOTAL(103,E2) -> 1 | AF2: =VLOOKUP(D2,especies!$A$2:$C$9,3,FALSE) -> 1 | AG2: =AF2&"-"&E2 -> 1-Mestizo | AH2: =VLOOKUP('Fichas clínicas'!AG2,razas!$A$2:$D$66,3,FALSE) -> 1 | AI2: =IF(F2="Hembra","H","M") -> H
A3: 2 | B3: 19556213-k | C3: CLOE | D3: Felis silvestris catus | E3: DPC (Doméstico de pelo corto o DSH) | F3: Hembra | G3: NEGRO | J3: 2020-02-01 | K3: 0000-00-00 | L3: 0000-00-00 | M3: 0000-00-00 | N3: 0000-00-00 | O3: 0000-00-00 | T3: 0000-00-00 | U3: 0 | W3: 0 | X3: 0 | Y3: 0 | AE3: =SUBTOTAL(103,E3) -> 1 | AF3: =VLOOKUP(D3,especies!$A$2:$C$9,3,FALSE) -> 2 | AG3: =AF3&"-"&E3 -> 2-DPC (Doméstico de pelo corto o DSH) | AH3: =VLOOKUP('Fichas clínicas'!AG3,razas!$A$2:$D$66,3,FALSE) -> 51 | AI3: =IF(F3="Hembra","H","M") -> H
A4: 3 | B4: 20315385-6 | C4: SIMÓN | D4: Felis silvestris catus | E4: DPC (Doméstico de pelo corto o DSH) | F4: Macho | G4: crema blanco | J4: 2020-09-29 | K4: 0000-00-00 | L4: 0000-00-00 | M4: 0000-00-00 | N4: 0000-00-00 | O4: 0000-00-00 | T4: 0000-00-00 | U4: 0 | W4: 0 | X4: 0 | Y4: 0 | AE4: =SUBTOTAL(103,E4) -> 1 | AF4: =VLOOKUP(D4,especies!$A$2:$C$9,3,FALSE) -> 2 | AG4: =AF4&"-"&E4 -> 2-DPC (Doméstico de pelo corto o DSH) | AH4: =VLOOKUP('Fichas clínicas'!AG4,razas!$A$2:$D$66,3,FALSE) -> 51 | AI4: =IF(F4="Hembra","H","M") -> M
A5: 4 | B5: 19249784-1 | C5: MASHA | D5: Canis lupus familiaris | E5: Mestizo | F5: Hembra | G5: NEGRO | J5: 2020-08-09 | K5: 0000-00-00 | L5: 0000-00-00 | M5: 0000-00-00 | N5: 0000-00-00 | O5: 0000-00-00 | T5: 0000-00-00 | U5: 0 | W5: 0 | X5: 0 | Y5: 0 | AE5: =SUBTOTAL(103,E5) -> 1 | AF5: =VLOOKUP(D5,especies!$A$2:$C$9,3,FALSE) -> 1 | AG5: =AF5&"-"&E5 -> 1-Mestizo | AH5: =VLOOKUP('Fichas clínicas'!AG5,razas!$A$2:$D$66,3,FALSE) -> 1 | AI5: =IF(F5="Hembra","H","M") -> H
A6: 5 | B6: 18590970-0 | C6: KIRA | D6: Canis lupus familiaris | E6: Mestizo | F6: Hembra | G6: NEGRO CAFE | J6: 2018-11-01 | K6: 0000-00-00 | L6: 0000-00-00 | M6: 0000-00-00 | N6: 0000-00-00 | O6: 0000-00-00 | T6: 0000-00-00 | U6: 0 | W6: 0 | X6: 0 | Y6: 0 | AE6: =SUBTOTAL(103,E6) -> 1 | AF6: =VLOOKUP(D6,especies!$A$2:$C$9,3,FALSE) -> 1 | AG6: =AF6&"-"&E6 -> 1-Mestizo | AH6: =VLOOKUP('Fichas clínicas'!AG6,razas!$A$2:$D$66,3,FALSE) -> 1 | AI6: =IF(F6="Hembra","H","M") -> H
A7: 6 | B7: 13160474-2 | C7: BAEL | D7: Felis silvestris catus | E7: DPC (Doméstico de pelo corto o DSH) | F7: Macho | G7: NEGRO CAFE | J7: 2019-01-01 | K7: 0000-00-00 | L7: 0000-00-00 | M7: 0000-00-00 | N7: 0000-00-00 | O7: 0000-00-00 | Q7: 0 | T7: 0000-00-00 | U7: 0 | V7: 1 | W7: 0 | X7: 0 | Y7: 0 | Z7: 0 | AA7: 0 | AB7: 0 | AC7: 0 | AD7: 0 | AE7: =SUBTOTAL(103,E7) -> 1 | AF7: =VLOOKUP(D7,especies!$A$2:$C$9,3,FALSE) -> 2 | AG7: =AF7&"-"&E7 -> 2-DPC (Doméstico de pelo corto o DSH) | AH7: =VLOOKUP('Fichas clínicas'!AG7,razas!$A$2:$D$66,3,FALSE) -> 51 | AI7: =IF(F7="Hembra","H","M") -> M
A8: 7 | B8: 10782898-2 | C8: TOBY | D8: Canis lupus familiaris | E8: Mestizo | F8: Macho | G8: NEGRO CAFE | J8: 2019-06-01 | K8: 0000-00-00 | L8: 0000-00-00 | M8: 0000-00-00 | N8: 0000-00-00 | O8: 0000-00-00 | T8: 0000-00-00 | U8: 0 | W8: 0 | X8: 0 | Y8: 0 | AE8: =SUBTOTAL(103,E8) -> 1 | AF8: =VLOOKUP(D8,especies!$A$2:$C$9,3,FALSE) -> 1 | AG8: =AF8&"-"&E8 -> 1-Mestizo | AH8: =VLOOKUP('Fichas clínicas'!AG8,razas!$A$2:$D$66,3,FALSE) -> 1 | AI8: =IF(F8="Hembra","H","M") -> M
A9: 8 | B9: 11325552-8 | C9: TOBY | D9: Canis lupus familiaris | E9: Fox Terrier Pelo Corto | F9: Macho | G9: blanco cafe negro | J9: 2020-08-17 | K9: 0000-00-00 | L9: 0000-00-00 | M9: 0000-00-00 | N9: 0000-00-00 | O9: 0000-00-00 | T9: 0000-00-00 | U9: 0 | W9: 0 | X9: 0 | Y9: 0 | AE9: =SUBTOTAL(103,E9) -> 1 | AF9: =VLOOKUP(D9,especies!$A$2:$C$9,3,FALSE) -> 1 | AG9: =AF9&"-"&E9 -> 1-Fox Terrier Pelo Corto | AH9: =VLOOKUP('Fichas clínicas'!AG9,razas!$A$2:$D$66,3,FALSE) -> 2 | AI9: =IF(F9="Hembra","H","M") -> M
A10: 9 | B10: 20314994-8 | C10: teodoro | D10: Canis lupus familiaris | E10: Mestizo | F10: Macho | G10: negro cafe blanco | J10: 2020-03-17 | K10: 0000-00-00 | L10: 0000-00-00 | M10: 0000-00-00 | N10: 0000-00-00 | O10: 0000-00-00 | T10: 0000-00-00 | U10: 0 | W10: 0 | X10: 0 | Y10: 0 | AE10: =SUBTOTAL(103,E10) -> 1 | AF10: =VLOOKUP(D10,especies!$A$2:$C$9,3,FALSE) -> 1 | AG10: =AF10&"-"&E10 -> 1-Mestizo | AH10: =VLOOKUP('Fichas clínicas'!AG10,razas!$A$2:$D$66,3,FALSE) -> 1 | AI10: =IF(F10="Hembra","H","M") -> M
A11: 10 | B11: 20016823-2 | C11: POLO | D11: Canis lupus familiaris | E11: Shar-Pei | F11: Macho | G11: cafe | J11: 2019-11-13 | K11: 0000-00-00 | L11: 0000-00-00 | M11: 0000-00-00 | N11: 0000-00-00 | O11: 0000-00-00 | T11: 0000-00-00 | U11: 0 | W11: 0 | X11: 0 | Y11: 0 | AE11: =SUBTOTAL(103,E11) -> 1 | AF11: =VLOOKUP(D11,especies!$A$2:$C$9,3,FALSE) -> 1 | AG11: =AF11&"-"&E11 -> 1-Shar-Pei | AH11: =VLOOKUP('Fichas clínicas'!AG11,razas!$A$2:$D$66,3,FALSE) -> 3 | AI11: =IF(F11="Hembra","H","M") -> M
A12: 11 | B12: 12431326-0 | C12: TOMY | D12: Felis silvestris catus | E12: DPC (Doméstico de pelo corto o DSH) | F12: Macho | G12: GRIS | J12: 2011-11-11 | K12: 0000-00-00 | L12: 0000-00-00 | M12: 0000-00-00 | N12: 0000-00-00 | O12: 0000-00-00 | Q12: 0 | T12: 0000-00-00 | U12: 0 | V12: 1 | W12: 0 | X12: 0 | Y12: 0 | Z12: 0 | AA12: 0 | AB12: 0 | AC12: 0 | AD12: 0 | AE12: =SUBTOTAL(103,E12) -> 1 | AF12: =VLOOKUP(D12,especies!$A$2:$C$9,3,FALSE) -> 2 | AG12: =AF12&"-"&E12 -> 2-DPC (Doméstico de pelo corto o DSH) | AH12: =VLOOKUP('Fichas clínicas'!AG12,razas!$A$2:$D$66,3,FALSE) -> 51 | AI12: =IF(F12="Hembra","H","M") -> M
A13: 12 | B13: 15758791-9 | C13: SASHA | D13: Canis lupus familiaris | E13: Mestizo | F13: Hembra | G13: NEGRO BLANCO | J13: 2020-04-01 | K13: 0000-00-00 | L13: 0000-00-00 | M13: 0000-00-00 | N13: 0000-00-00 | O13: 0000-00-00 | Q13: 0 | T13: 0000-00-00 | U13: 0 | V13: 0 | W13: 0 | X13: 0 | Y13: 0 | Z13: 0 | AA13: 0 | AB13: 0 | AC13: 0 | AD13: 0 | AE13: =SUBTOTAL(103,E13) -> 1 | AF13: =VLOOKUP(D13,especies!$A$2:$C$9,3,FALSE) -> 1 | AG13: =AF13&"-"&E13 -> 1-Mestizo | AH13: =VLOOKUP('Fichas clínicas'!AG13,razas!$A$2:$D$66,3,FALSE) -> 1 | AI13: =IF(F13="Hembra","H","M") -> H
A14: 13 | B14: 19249784-1 | C14: DAISY | D14: Canis lupus familiaris | E14: Mestizo | F14: Hembra | G14: NEGRO BLANCO CAFE | J14: 2020-06-01 | K14: 0000-00-00 | L14: 0000-00-00 | M14: 0000-00-00 | N14: 0000-00-00 | O14: 0000-00-00 | T14: 0000-00-00 | U14: 0 | W14: 0 | X14: 0 | Y14: 0 | AE14: =SUBTOTAL(103,E14) -> 1 | AF14: =VLOOKUP(D14,especies!$A$2:$C$9,3,FALSE) -> 1 | AG14: =AF14&"-"&E14 -> 1-Mestizo | AH14: =VLOOKUP('Fichas clínicas'!AG14,razas!$A$2:$D$66,3,FALSE) -> 1 | AI14: =IF(F14="Hembra","H","M") -> H
A15: 14 | B15: 19249784-1 | C15: REMY | D15: Felis silvestris catus | E15: DPC (Doméstico de pelo corto o DSH) | F15: Macho | G15: NEGRO | J15: 2019-11-01 | K15: 0000-00-00 | L15: 0000-00-00 | M15: 0000-00-00 | N15: 0000-00-00 | O15: 0000-00-00 | T15: 0000-00-00 | U15: 0 | V15: 1 | W15: 0 | X15: 0 | Y15: 0 | AE15: =SUBTOTAL(103,E15) -> 1 | AF15: =VLOOKUP(D15,especies!$A$2:$C$9,3,FALSE) -> 2 | AG15: =AF15&"-"&E15 -> 2-DPC (Doméstico de pelo corto o DSH) | AH15: =VLOOKUP('Fichas clínicas'!AG15,razas!$A$2:$D$66,3,FALSE) -> 51 | AI15: =IF(F15="Hembra","H","M") -> M
A16: 15 | B16: 19249784-1 | C16: MININA | D16: Felis silvestris catus | E16: DPC (Doméstico de pelo corto o DSH) | F16: Hembra | G16: NEGRO AMARILLO | J16: 2020-01-01 | K16: 0000-00-00 | L16: 0000-00-00 | M16: 0000-00-00 | N16: 0000-00-00 | O16: 0000-00-00 | T16: 0000-00-00 | U16: 0 | V16: 1 | W16: 0 | X16: 0 | Y16: 0 | AE16: =SUBTOTAL(103,E16) -> 1 | AF16: =VLOOKUP(D16,especies!$A$2:$C$9,3,FALSE) -> 2 | AG16: =AF16&"-"&E16 -> 2-DPC (Doméstico de pelo corto o DSH) | AH16: =VLOOKUP('Fichas clínicas'!AG16,razas!$A$2:$D$66,3,FALSE) -> 51 | AI16: =IF(F16="Hembra","H","M") -> H
A17: 16 | B17: 11325627-3 | C17: TITA | D17: Felis silvestris catus | E17: DPL (Doméstico de pelo Largo o DLH) | F17: Hembra | G17: GRIS | J17: 2006-11-01 | K17: 0000-00-00 | L17: 0000-00-00 | M17: 0000-00-00 | N17: 0000-00-00 | O17: 0000-00-00 | Q17: 0 | T17: 0000-00-00 | U17: 0 | V17: 1 | W17: 0 | X17: 0 | Y17: 0 | Z17: 0 | AA17: 0 | AB17: 0 | AC17: 0 | AD17: 0 | AE17: =SUBTOTAL(103,E17) -> 1 | AF17: =VLOOKUP(D17,especies!$A$2:$C$9,3,FALSE) -> 2 | AG17: =AF17&"-"&E17 -> 2-DPL (Doméstico de pelo Largo o DLH) | AH17: =VLOOKUP('Fichas clínicas'!AG17,razas!$A$2:$D$66,3,FALSE) -> 52 | AI17: =IF(F17="Hembra","H","M") -> H
A18: 17 | B18: 05175505-7 | C18: SUYAI | D18: Canis lupus familiaris | E18: Mestizo | F18: Hembra | G18: cafe | J18: 2020-04-22 | K18: 0000-00-00 | L18: 0000-00-00 | M18: 0000-00-00 | N18: 0000-00-00 | O18: 0000-00-00 | Q18: 0 | T18: 0000-00-00 | U18: 0 | V18: 1 | W18: 0 | X18: 0 | Y18: 0 | Z18: 0 | AA18: 0 | AB18: 0 | AC18: 0 | AD18: 0 | AE18: =SUBTOTAL(103,E18) -> 1 | AF18: =VLOOKUP(D18,especies!$A$2:$C$9,3,FALSE) -> 1 | AG18: =AF18&"-"&E18 -> 1-Mestizo | AH18: =VLOOKUP('Fichas clínicas'!AG18,razas!$A$2:$D$66,3,FALSE) -> 1 | AI18: =IF(F18="Hembra","H","M") -> H
A19: 18 | B19: 05175505-7 | C19: RAYEN | D19: Canis lupus familiaris | E19: Mestizo | F19: Hembra | G19: CAFÉ | J19: 2020-04-22 | K19: 0000-00-00 | L19: 0000-00-00 | M19: 0000-00-00 | N19: 0000-00-00 | O19: 0000-00-00 | T19: 0000-00-00 | U19: 0 | V19: 1 | W19: 0 | X19: 0 | Y19: 0 | AE19: =SUBTOTAL(103,E19) -> 1 | AF19: =VLOOKUP(D19,especies!$A$2:$C$9,3,FALSE) -> 1 | AG19: =AF19&"-"&E19 -> 1-Mestizo | AH19: =VLOOKUP('Fichas clínicas'!AG19,razas!$A$2:$D$66,3,FALSE) -> 1 | AI19: =IF(F19="Hembra","H","M") -> H
A20: 19 | B20: 22062819-1 | C20: Roberto | D20: Canis lupus familiaris | E20: Mestizo | F20: Macho | G20: blanco | J20: 2020-08-01 | K20: 0000-00-00 | L20: 0000-00-00 | M20: 0000-00-00 | N20: 0000-00-00 | O20: 0000-00-00 | T20: 0000-00-00 | U20: 0 | W20: 0 | X20: 0 | Y20: 0 | AE20: =SUBTOTAL(103,E20) -> 1 | AF20: =VLOOKUP(D20,especies!$A$2:$C$9,3,FALSE) -> 1 | AG20: =AF20&"-"&E20 -> 1-Mestizo | AH20: =VLOOKUP('Fichas clínicas'!AG20,razas!$A$2:$D$66,3,FALSE) -> 1 | AI20: =IF(F20="Hembra","H","M") -> M
A21: 20 | B21: 20707780-1 | C21: FACON | D21: Canis lupus familiaris | E21: Mestizo | F21: Macho | G21: NEGRO BLANCO | J21: 2020-04-12 | K21: 0000-00-00 | L21: 0000-00-00 | M21: 0000-00-00 | N21: 0000-00-00 | O21: 0000-00-00 | T21: 0000-00-00 | U21: 0 | W21: 0 | X21: 0 | Y21: 0 | AE21: =SUBTOTAL(103,E21) -> 1 | AF21: =VLOOKUP(D21,especies!$A$2:$C$9,3,FALSE) -> 1 | AG21: =AF21&"-"&E21 -> 1-Mestizo | AH21: =VLOOKUP('Fichas clínicas'!AG21,razas!$A$2:$D$66,3,FALSE) -> 1 | AI21: =IF(F21="Hembra","H","M") -> M
A22: 21 | B22: 14427559-4 | C22: BLUE | D22: Felis silvestris catus | E22: DPC (Doméstico de pelo corto o DSH) | F22: Macho | G22: ROJO | J22: 2019-11-01 | K22: 2021-11-20 | L22: 0000-00-00 | M22: 2021-06-20 | N22: 0000-00-00 | O22: 0000-00-00 | Q22: 0 | T22: 0000-00-00 | U22: 0 | V22: 1 | W22: 0 | X22: 3 | Y22: 0 | Z22: 0 | AA22: 0 | AB22: 0 | AC22: 0 | AD22: 0 | AE22: =SUBTOTAL(103,E22) -> 1 | AF22: =VLOOKUP(D22,especies!$A$2:$C$9,3,FALSE) -> 2 | AG22: =AF22&"-"&E22 -> 2-DPC (Doméstico de pelo corto o DSH) | AH22: =VLOOKUP('Fichas clínicas'!AG22,razas!$A$2:$D$66,3,FALSE) -> 51 | AI22: =IF(F22="Hembra","H","M") -> M
A23: 22 | B23: 11187385-2 | C23: SASHA | D23: Canis lupus familiaris | E23: Mestizo | F23: Hembra | G23: NEGRO BLANCO | J23: 2012-11-01 | K23: 0000-00-00 | L23: 0000-00-00 | M23: 0000-00-00 | N23: 0000-00-00 | O23: 0000-00-00 | T23: 0000-00-00 | U23: 0 | V23: 1 | W23: 0 | X23: 0 | Y23: 0 | AE23: =SUBTOTAL(103,E23) -> 1 | AF23: =VLOOKUP(D23,especies!$A$2:$C$9,3,FALSE) -> 1 | AG23: =AF23&"-"&E23 -> 1-Mestizo | AH23: =VLOOKUP('Fichas clínicas'!AG23,razas!$A$2:$D$66,3,FALSE) -> 1 | AI23: =IF(F23="Hembra","H","M") -> H
A24: 23 | B24: 18887671-4 | C24: TOM | D24: Canis lupus familiaris | E24: Mestizo | F24: Macho | G24: CREMA | J24: 2020-08-28 | K24: 0000-00-00 | L24: 0000-00-00 | M24: 0000-00-00 | N24: 0000-00-00 | O24: 0000-00-00 | T24: 0000-00-00 | U24: 0 | W24: 0 | X24: 0 | Y24: 0 | AE24: =SUBTOTAL(103,E24) -> 1 | AF24: =VLOOKUP(D24,especies!$A$2:$C$9,3,FALSE) -> 1 | AG24: =AF24&"-"&E24 -> 1-Mestizo | AH24: =VLOOKUP('Fichas clínicas'!AG24,razas!$A$2:$D$66,3,FALSE) -> 1 | AI24: =IF(F24="Hembra","H","M") -> M
A25: 24 | B25: 20346376-6 | C25: KIRA | D25: Canis lupus familiaris | E25: Mestizo | F25: Hembra | G25: NEGRO | J25: 2019-10-01 | K25: 0000-00-00 | L25: 0000-00-00 | M25: 0000-00-00 | N25: 0000-00-00 | O25: 0000-00-00 | T25: 0000-00-00 | U25: 0 | W25: 0 | X25: 0 | Y25: 0 | AE25: =SUBTOTAL(103,E25) -> 1 | AF25: =VLOOKUP(D25,especies!$A$2:$C$9,3,FALSE) -> 1 | AG25: =AF25&"-"&E25 -> 1-Mestizo | AH25: =VLOOKUP('Fichas clínicas'!AG25,razas!$A$2:$D$66,3,FALSE) -> 1 | AI25: =IF(F25="Hembra","H","M") -> H
A26: 25 | B26: 7467495-k | C26: DIANA | D26: Canis lupus familiaris | E26: Caniche | F26: Hembra | G26: BLANCO | J26: 2013-03-19 | K26: 0000-00-00 | L26: 0000-00-00 | M26: 0000-00-00 | N26: 0000-00-00 | O26: 0000-00-00 | T26: 0000-00-00 | U26: 0 | W26: 0 | X26: 0 | Y26: 0 | AE26: =SUBTOTAL(103,E26) -> 1 | AF26: =VLOOKUP(D26,especies!$A$2:$C$9,3,FALSE) -> 1 | AG26: =AF26&"-"&E26 -> 1-Caniche | AH26: =VLOOKUP('Fichas clínicas'!AG26,razas!$A$2:$D$66,3,FALSE) -> 4 | AI26: =IF(F26="Hembra","H","M") -> H
A27: 26 | B27: 5434456-2 | C27: JACK | D27: Canis lupus familiaris | E27: Mestizo | F27: Macho | G27: NEGRO | J27: 2020-03-01 | K27: 0000-00-00 | L27: 0000-00-00 | M27: 0000-00-00 | N27: 0000-00-00 | O27: 0000-00-00 | T27: 0000-00-00 | U27: 0 | W27: 0 | X27: 0 | Y27: 0 | AE27: =SUBTOTAL(103,E27) -> 1 | AF27: =VLOOKUP(D27,especies!$A$2:$C$9,3,FALSE) -> 1 | AG27: =AF27&"-"&E27 -> 1-Mestizo | AH27: =VLOOKUP('Fichas clínicas'!AG27,razas!$A$2:$D$66,3,FALSE) -> 1 | AI27: =IF(F27="Hembra","H","M") -> M
A28: 27 | B28: 17276561-0 | C28: SKY | D28: Canis lupus familiaris | E28: Mestizo | F28: Hembra | G28: CAFÉ | J28: 2020-10-01 | K28: 2020-11-27 | L28: 0000-00-00 | M28: 0000-00-00 | N28: 0000-00-00 | O28: 0000-00-00 | Q28: 0 | T28: 0000-00-00 | U28: 0 | V28: 0 | W28: 0 | X28: 5 | Y28: 0 | Z28: 0 | AA28: 0 | AB28: 0 | AC28: 0 | AD28: 0 | AE28: =SUBTOTAL(103,E28) -> 1 | AF28: =VLOOKUP(D28,especies!$A$2:$C$9,3,FALSE) -> 1 | AG28: =AF28&"-"&E28 -> 1-Mestizo | AH28: =VLOOKUP('Fichas clínicas'!AG28,razas!$A$2:$D$66,3,FALSE) -> 1 | AI28: =IF(F28="Hembra","H","M") -> H
A29: 28 | B29: 10251174-3 | C29: KAISSER | D29: Canis lupus familiaris | E29: Mestizo | F29: Macho | G29: CAFÉ NEGRO | J29: 2020-09-22 | K29: 2020-12-11 | L29: 0000-00-00 | M29: 0000-00-00 | N29: 2020-12-11 | O29: 0000-00-00 | Q29: 0 | T29: 0000-00-00 | U29: 0 | V29: 0 | W29: 0 | X29: 1 | Y29: 0 | Z29: 0 | AA29: 0 | AB29: 0 | AC29: 0 | AD29: 0 | AE29: =SUBTOTAL(103,E29) -> 1 | AF29: =VLOOKUP(D29,especies!$A$2:$C$9,3,FALSE) -> 1 | AG29: =AF29&"-"&E29 -> 1-Mestizo | AH29: =VLOOKUP('Fichas clínicas'!AG29,razas!$A$2:$D$66,3,FALSE) -> 1 | AI29: =IF(F29="Hembra","H","M") -> M
A30: 29 | B30: 16463817-0 | C30: ARON | D30: Canis lupus familiaris | E30: Mestizo | F30: Macho | G30: BLANCO | I30: 900113001676627 | J30: 2020-02-05 | K30: 0000-00-00 | L30: 0000-00-00 | M30: 0000-00-00 | N30: 0000-00-00 | O30: 2020-11-27 | Q30: 0 | T30: 2020-11-20 | U30: 7 | V30: 1 | W30: 0 | X30: 0 | Y30: 0 | Z30: 0 | AA30: 0 | AB30: 0 | AC30: 0 | AD30: 0 | AE30: =SUBTOTAL(103,E30) -> 1 | AF30: =VLOOKUP(D30,especies!$A$2:$C$9,3,FALSE) -> 1 | AG30: =AF30&"-"&E30 -> 1-Mestizo | AH30: =VLOOKUP('Fichas clínicas'!AG30,razas!$A$2:$D$66,3,FALSE) -> 1 | AI30: =IF(F30="Hembra","H","M") -> M
A31: 30 | B31: 14485161-7 | C31: LOCKY | D31: Canis lupus familiaris | E31: Yorkshire Terrier | F31: Macho | G31: NEGRO CAFE | J31: 2017-10-06 | K31: 2021-11-06 | L31: 2021-04-06 | M31: 2021-11-06 | N31: 2021-02-06 | O31: 0000-00-00 | Q31: 0 | T31: 0000-00-00 | U31: 0 | V31: 0 | W31: 0 | X31: 1 | Y31: 6 | Z31: 0 | AA31: 0 | AB31: 0 | AC31: 0 | AD31: 0 | AE31: =SUBTOTAL(103,E31) -> 1 | AF31: =VLOOKUP(D31,especies!$A$2:$C$9,3,FALSE) -> 1 | AG31: =AF31&"-"&E31 -> 1-Yorkshire Terrier | AH31: =VLOOKUP('Fichas clínicas'!AG31,razas!$A$2:$D$66,3,FALSE) -> 5 | AI31: =IF(F31="Hembra","H","M") -> M
A32: 31 | B32: 12430485-7 | C32: LULÚ | D32: Canis lupus familiaris | E32: Poodle | F32: Hembra | G32: NEGRO | J32: 2017-09-18 | K32: 0000-00-00 | L32: 0000-00-00 | M32: 0000-00-00 | N32: 0000-00-00 | O32: 0000-00-00 | Q32: 0 | T32: 0000-00-00 | U32: 0 | V32: 0 | W32: 0 | X32: 0 | Y32: 0 | Z32: 0 | AA32: 0 | AB32: 0 | AC32: 0 | AD32: 0 | AE32: =SUBTOTAL(103,E32) -> 1 | AF32: =VLOOKUP(D32,especies!$A$2:$C$9,3,FALSE) -> 1 | AG32: =AF32&"-"&E32 -> 1-Poodle | AH32: =VLOOKUP('Fichas clínicas'!AG32,razas!$A$2:$D$66,3,FALSE) -> 6 | AI32: =IF(F32="Hembra","H","M") -> H
A33: 32 | B33: 20616154-k | C33: ÁGATHA | D33: Canis lupus familiaris | E33: Mestizo | F33: Hembra | G33: NEGRO | J33: 2020-07-07 | K33: 0000-00-00 | L33: 0000-00-00 | M33: 0000-00-00 | N33: 0000-00-00 | O33: 0000-00-00 | T33: 0000-00-00 | U33: 0 | W33: 0 | X33: 0 | Y33: 0 | AE33: =SUBTOTAL(103,E33) -> 1 | AF33: =VLOOKUP(D33,especies!$A$2:$C$9,3,FALSE) -> 1 | AG33: =AF33&"-"&E33 -> 1-Mestizo | AH33: =VLOOKUP('Fichas clínicas'!AG33,razas!$A$2:$D$66,3,FALSE) -> 1 | AI33: =IF(F33="Hembra","H","M") -> H
A34: 33 | B34: 16159892-5 | C34: ZEUS | D34: Canis lupus familiaris | E34: Mestizo | F34: Macho | G34: NEGRO BLANCO | J34: 2016-10-24 | K34: 0000-00-00 | L34: 0000-00-00 | M34: 0000-00-00 | N34: 0000-00-00 | O34: 0000-00-00 | T34: 0000-00-00 | U34: 0 | W34: 0 | X34: 0 | Y34: 0 | AE34: =SUBTOTAL(103,E34) -> 1 | AF34: =VLOOKUP(D34,especies!$A$2:$C$9,3,FALSE) -> 1 | AG34: =AF34&"-"&E34 -> 1-Mestizo | AH34: =VLOOKUP('Fichas clínicas'!AG34,razas!$A$2:$D$66,3,FALSE) -> 1 | AI34: =IF(F34="Hembra","H","M") -> M
A35: 34 | B35: 17511757-1 | C35: VITO | D35: Canis lupus familiaris | E35: Shih Tzu | F35: Macho | G35: CREMA | J35: 2018-10-06 | K35: 0000-00-00 | L35: 0000-00-00 | M35: 0000-00-00 | N35: 0000-00-00 | O35: 0000-00-00 | T35: 0000-00-00 | U35: 0 | V35: 1 | W35: 0 | X35: 0 | Y35: 0 | AE35: =SUBTOTAL(103,E35) -> 1 | AF35: =VLOOKUP(D35,especies!$A$2:$C$9,3,FALSE) -> 1 | AG35: =AF35&"-"&E35 -> 1-Shih Tzu | AH35: =VLOOKUP('Fichas clínicas'!AG35,razas!$A$2:$D$66,3,FALSE) -> 7 | AI35: =IF(F35="Hembra","H","M") -> M
A36: 35 | B36: 8785568-6 | C36: TROMPITO | D36: Canis lupus familiaris | E36: Teckel | F36: Macho | G36: CAFE | J36: 2018-02-09 | K36: 0000-00-00 | L36: 0000-00-00 | M36: 0000-00-00 | N36: 0000-00-00 | O36: 0000-00-00 | T36: 0000-00-00 | U36: 0 | W36: 0 | X36: 0 | Y36: 0 | AE36: =SUBTOTAL(103,E36) -> 1 | AF36: =VLOOKUP(D36,especies!$A$2:$C$9,3,FALSE) -> 1 | AG36: =AF36&"-"&E36 -> 1-Teckel | AH36: =VLOOKUP('Fichas clínicas'!AG36,razas!$A$2:$D$66,3,FALSE) -> 8 | AI36: =IF(F36="Hembra","H","M") -> M
A37: 36 | B37: 15625676-5 | C37: OZZY | D37: Felis silvestris catus | E37: DPC (Doméstico de pelo corto o DSH) | F37: Macho | G37: ROJO BLANCO | J37: 2020-09-21 | K37: 0000-00-00 | L37: 0000-00-00 | M37: 0000-00-00 | N37: 0000-00-00 | O37: 0000-00-00 | Q37: 0 | T37: 0000-00-00 | U37: 0 | V37: 0 | W37: 0 | X37: 0 | Y37: 0 | Z37: 0 | AA37: 0 | AB37: 0 | AC37: 0 | AD37: 0 | AE37: =SUBTOTAL(103,E37) -> 1 | AF37: =VLOOKUP(D37,especies!$A$2:$C$9,3,FALSE) -> 2 | AG37: =AF37&"-"&E37 -> 2-DPC (Doméstico de pelo corto o DSH) | AH37: =VLOOKUP('Fichas clínicas'!AG37,razas!$A$2:$D$66,3,FALSE) -> 51 | AI37: =IF(F37="Hembra","H","M") -> M
A38: 37 | B38: 19556027-7 | C38: SOFIA | D38: Felis silvestris catus | E38: DPC (Doméstico de pelo corto o DSH) | F38: Hembra | G38: ROJO BLANCO | J38: 2015-02-02 | K38: 0000-00-00 | L38: 0000-00-00 | M38: 0000-00-00 | N38: 0000-00-00 | O38: 0000-00-00 | T38: 0000-00-00 | U38: 0 | V38: 1 | W38: 0 | X38: 0 | Y38: 0 | AE38: =SUBTOTAL(103,E38) -> 1 | AF38: =VLOOKUP(D38,especies!$A$2:$C$9,3,FALSE) -> 2 | AG38: =AF38&"-"&E38 -> 2-DPC (Doméstico de pelo corto o DSH) | AH38: =VLOOKUP('Fichas clínicas'!AG38,razas!$A$2:$D$66,3,FALSE) -> 51 | AI38: =IF(F38="Hembra","H","M") -> H
A39: 38 | B39: 19249784-1 | C39: ANTEUS | D39: Canis lupus familiaris | E39: Mestizo | F39: Macho | G39: AMARILLO BLANCO NEGRO | J39: 2020-04-01 | K39: 0000-00-00 | L39: 0000-00-00 | M39: 0000-00-00 | N39: 0000-00-00 | O39: 0000-00-00 | T39: 0000-00-00 | U39: 0 | W39: 0 | X39: 0 | Y39: 0 | AE39: =SUBTOTAL(103,E39) -> 1 | AF39: =VLOOKUP(D39,especies!$A$2:$C$9,3,FALSE) -> 1 | AG39: =AF39&"-"&E39 -> 1-Mestizo | AH39: =VLOOKUP('Fichas clínicas'!AG39,razas!$A$2:$D$66,3,FALSE) -> 1 | AI39: =IF(F39="Hembra","H","M") -> M
A40: 39 | B40: 17283582-1 | C40: JULIETA | D40: Felis silvestris catus | E40: DPC (Doméstico de pelo corto o DSH) | F40: Hembra | G40: GRIS | J40: 2019-09-14 | K40: 0000-00-00 | L40: 0000-00-00 | M40: 0000-00-00 | N40: 0000-00-00 | O40: 0000-00-00 | T40: 0000-00-00 | U40: 0 | V40: 1 | W40: 0 | X40: 0 | Y40: 0 | AE40: =SUBTOTAL(103,E40) -> 1 | AF40: =VLOOKUP(D40,especies!$A$2:$C$9,3,FALSE) -> 2 | AG40: =AF40&"-"&E40 -> 2-DPC (Doméstico de pelo corto o DSH) | AH40: =VLOOKUP('Fichas clínicas'!AG40,razas!$A$2:$D$66,3,FALSE) -> 51 | AI40: =IF(F40="Hembra","H","M") -> H
A41: 40 | B41: 12993681-9 | C41: IGOR | D41: Felis silvestris catus | E41: DPC (Doméstico de pelo corto o DSH) | F41: Macho | G41: GRIS | J41: 2020-09-01 | K41: 0000-00-00 | L41: 0000-00-00 | M41: 0000-00-00 | N41: 0000-00-00 | O41: 0000-00-00 | P41: Muerte por ataque de perro | Q41: 1 | T41: 0000-00-00 | U41: 0 | V41: 0 | W41: 0 | X41: 0 | Y41: 0 | Z41: 0 | AA41: 0 | AB41: 0 | AC41: 0 | AD41: 0 | AE41: =SUBTOTAL(103,E41) -> 1 | AF41: =VLOOKUP(D41,especies!$A$2:$C$9,3,FALSE) -> 2 | AG41: =AF41&"-"&E41 -> 2-DPC (Doméstico de pelo corto o DSH) | AH41: =VLOOKUP('Fichas clínicas'!AG41,razas!$A$2:$D$66,3,FALSE) -> 51 | AI41: =IF(F41="Hembra","H","M") -> M
A42: 41 | B42: 21359861-9 | C42: MÁXIMO | D42: Felis silvestris catus | E42: DPC (Doméstico de pelo corto o DSH) | F42: Macho | G42: GRIS | J42: 2020-08-15 | K42: 0000-00-00 | L42: 0000-00-00 | M42: 0000-00-00 | N42: 0000-00-00 | O42: 0000-00-00 | T42: 0000-00-00 | U42: 0 | W42: 0 | X42: 0 | Y42: 0 | AE42: =SUBTOTAL(103,E42) -> 1 | AF42: =VLOOKUP(D42,especies!$A$2:$C$9,3,FALSE) -> 2 | AG42: =AF42&"-"&E42 -> 2-DPC (Doméstico de pelo corto o DSH) | AH42: =VLOOKUP('Fichas clínicas'!AG42,razas!$A$2:$D$66,3,FALSE) -> 51 | AI42: =IF(F42="Hembra","H","M") -> M
A43: 42 | B43: 19248954-7 | C43: Kuky | D43: Canis lupus familiaris | E43: Mestizo | F43: Hembra | G43: CAFÉ blanco | J43: 2020-10-01 | K43: 0000-00-00 | L43: 0000-00-00 | M43: 0000-00-00 | N43: 0000-00-00 | O43: 0000-00-00 | Q43: 0 | T43: 0000-00-00 | U43: 0 | V43: 0 | W43: 0 | X43: 0 | Y43: 0 | Z43: 0 | AA43: 0 | AB43: 0 | AC43: 0 | AD43: 0 | AE43: =SUBTOTAL(103,E43) -> 1 | AF43: =VLOOKUP(D43,especies!$A$2:$C$9,3,FALSE) -> 1 | AG43: =AF43&"-"&E43 -> 1-Mestizo | AH43: =VLOOKUP('Fichas clínicas'!AG43,razas!$A$2:$D$66,3,FALSE) -> 1 | AI43: =IF(F43="Hembra","H","M") -> H
A44: 43 | B44: 13519942-7 | C44: FLUKE | D44: Canis lupus familiaris | E44: Teckel | F44: Macho | G44: CAFE | J44: 2012-04-01 | K44: 0000-00-00 | L44: 0000-00-00 | M44: 0000-00-00 | N44: 0000-00-00 | O44: 0000-00-00 | T44: 0000-00-00 | U44: 0 | V44: 1 | W44: 0 | X44: 0 | Y44: 0 | AE44: =SUBTOTAL(103,E44) -> 1 | AF44: =VLOOKUP(D44,especies!$A$2:$C$9,3,FALSE) -> 1 | AG44: =AF44&"-"&E44 -> 1-Teckel | AH44: =VLOOKUP('Fichas clínicas'!AG44,razas!$A$2:$D$66,3,FALSE) -> 8 | AI44: =IF(F44="Hembra","H","M") -> M
A45: 44 | B45: 16806247-8 | C45: PEQUITAS | D45: Felis silvestris catus | E45: DPC (Doméstico de pelo corto o DSH) | F45: Hembra | G45: NEGRO AMARILLO | J45: 2020-09-21 | K45: 0000-00-00 | L45: 0000-00-00 | M45: 0000-00-00 | N45: 0000-00-00 | O45: 0000-00-00 | T45: 0000-00-00 | U45: 0 | W45: 0 | X45: 0 | Y45: 0 | AE45: =SUBTOTAL(103,E45) -> 1 | AF45: =VLOOKUP(D45,especies!$A$2:$C$9,3,FALSE) -> 2 | AG45: =AF45&"-"&E45 -> 2-DPC (Doméstico de pelo corto o DSH) | AH45: =VLOOKUP('Fichas clínicas'!AG45,razas!$A$2:$D$66,3,FALSE) -> 51 | AI45: =IF(F45="Hembra","H","M") -> H
A46: 45 | B46: 20315385-6 | C46: DULCE | D46: Felis silvestris catus | E46: DPC (Doméstico de pelo corto o DSH) | F46: Hembra | G46: CREMA GRIS | J46: 2020-09-29 | K46: 0000-00-00 | L46: 0000-00-00 | M46: 0000-00-00 | N46: 0000-00-00 | O46: 0000-00-00 | T46: 0000-00-00 | U46: 0 | W46: 0 | X46: 0 | Y46: 0 | AE46: =SUBTOTAL(103,E46) -> 1 | AF46: =VLOOKUP(D46,especies!$A$2:$C$9,3,FALSE) -> 2 | AG46: =AF46&"-"&E46 -> 2-DPC (Doméstico de pelo corto o DSH) | AH46: =VLOOKUP('Fichas clínicas'!AG46,razas!$A$2:$D$66,3,FALSE) -> 51 | AI46: =IF(F46="Hembra","H","M") -> H
A47: 46 | B47: 21742568-9 | C47: KIRO | D47: Felis silvestris catus | E47: DPC (Doméstico de pelo corto o DSH) | F47: Macho | G47: blanco negro | J47: 2020-04-01 | K47: 0000-00-00 | L47: 0000-00-00 | M47: 0000-00-00 | N47: 0000-00-00 | O47: 0000-00-00 | T47: 0000-00-00 | U47: 0 | W47: 0 | X47: 0 | Y47: 0 | AE47: =SUBTOTAL(103,E47) -> 1 | AF47: =VLOOKUP(D47,especies!$A$2:$C$9,3,FALSE) -> 2 | AG47: =AF47&"-"&E47 -> 2-DPC (Doméstico de pelo corto o DSH) | AH47: =VLOOKUP('Fichas clínicas'!AG47,razas!$A$2:$D$66,3,FALSE) -> 51 | AI47: =IF(F47="Hembra","H","M") -> M
A48: 47 | B48: 15477487-4 | C48: WOODY | D48: Canis lupus familiaris | E48: Mestizo | F48: Macho | G48: PENDIENTE | J48: 2020-09-10 | K48: 0000-00-00 | L48: 0000-00-00 | M48: 0000-00-00 | N48: 0000-00-00 | O48: 0000-00-00 | T48: 0000-00-00 | U48: 0 | W48: 0 | X48: 0 | Y48: 0 | AE48: =SUBTOTAL(103,E48) -> 1 | AF48: =VLOOKUP(D48,especies!$A$2:$C$9,3,FALSE) -> 1 | AG48: =AF48&"-"&E48 -> 1-Mestizo | AH48: =VLOOKUP('Fichas clínicas'!AG48,razas!$A$2:$D$66,3,FALSE) -> 1 | AI48: =IF(F48="Hembra","H","M") -> M
A49: 48 | B49: 15389247-4 | C49: LEÓN | D49: Canis lupus familiaris | E49: Chow-Chow | F49: Macho | G49: NEGRO | J49: 2020-04-14 | K49: 0000-00-00 | L49: 0000-00-00 | M49: 0000-00-00 | N49: 0000-00-00 | O49: 0000-00-00 | T49: 0000-00-00 | U49: 0 | W49: 0 | X49: 0 | Y49: 0 | AE49: =SUBTOTAL(103,E49) -> 1 | AF49: =VLOOKUP(D49,especies!$A$2:$C$9,3,FALSE) -> 1 | AG49: =AF49&"-"&E49 -> 1-Chow-Chow | AH49: =VLOOKUP('Fichas clínicas'!AG49,razas!$A$2:$D$66,3,FALSE) -> 9 | AI49: =IF(F49="Hembra","H","M") -> M
A50: 49 | B50: 13847668-5 | C50: NANO | D50: Felis silvestris catus | E50: DPL (Doméstico de pelo Largo o DLH) | F50: Macho | G50: ROJO BLANCO | J50: 2019-12-03 | K50: 0000-00-00 | L50: 0000-00-00 | M50: 0000-00-00 | N50: 0000-00-00 | O50: 0000-00-00 | T50: 0000-00-00 | U50: 0 | W50: 0 | X50: 0 | Y50: 0 | AE50: =SUBTOTAL(103,E50) -> 1 | AF50: =VLOOKUP(D50,especies!$A$2:$C$9,3,FALSE) -> 2 | AG50: =AF50&"-"&E50 -> 2-DPL (Doméstico de pelo Largo o DLH) | AH50: =VLOOKUP('Fichas clínicas'!AG50,razas!$A$2:$D$66,3,FALSE) -> 52 | AI50: =IF(F50="Hembra","H","M") -> M
A51: 50 | B51: 21022486-6 | C51: Yioko | D51: Felis silvestris catus | E51: DPL (Doméstico de pelo Largo o DLH) | F51: Hembra | G51: blanco - gris | J51: 2017-11-26 | K51: 0000-00-00 | L51: 0000-00-00 | M51: 0000-00-00 | N51: 0000-00-00 | O51: 0000-00-00 | Q51: 0 | T51: 0000-00-00 | U51: 0 | V51: 1 | W51: 0 | X51: 0 | Y51: 0 | Z51: 0 | AA51: 0 | AB51: 0 | AC51: 0 | AD51: 0 | AE51: =SUBTOTAL(103,E51) -> 1 | AF51: =VLOOKUP(D51,especies!$A$2:$C$9,3,FALSE) -> 2 | AG51: =AF51&"-"&E51 -> 2-DPL (Doméstico de pelo Largo o DLH) | AH51: =VLOOKUP('Fichas clínicas'!AG51,razas!$A$2:$D$66,3,FALSE) -> 52 | AI51: =IF(F51="Hembra","H","M") -> H
A52: 51 | B52: 19281593-2 | C52: COPITO | D52: Canis lupus familiaris | E52: Fox Terrier Pelo Corto | F52: Macho | G52: BLANCO Y CAFÉ | J52: 2006-01-15 | K52: 0000-00-00 | L52: 0000-00-00 | M52: 0000-00-00 | N52: 0000-00-00 | O52: 0000-00-00 | T52: 0000-00-00 | U52: 0 | W52: 0 | X52: 0 | Y52: 0 | AE52: =SUBTOTAL(103,E52) -> 1 | AF52: =VLOOKUP(D52,especies!$A$2:$C$9,3,FALSE) -> 1 | AG52: =AF52&"-"&E52 -> 1-Fox Terrier Pelo Corto | AH52: =VLOOKUP('Fichas clínicas'!AG52,razas!$A$2:$D$66,3,FALSE) -> 2 | AI52: =IF(F52="Hembra","H","M") -> M
A53: 52 | B53: 19281593-2 | C53: KENIA | D53: Canis lupus familiaris | E53: Mestizo | F53: Hembra | G53: BLANCO CAFÉ | J53: 2020-02-15 | K53: 0000-00-00 | L53: 0000-00-00 | M53: 0000-00-00 | N53: 0000-00-00 | O53: 0000-00-00 | T53: 0000-00-00 | U53: 0 | W53: 0 | X53: 0 | Y53: 0 | AE53: =SUBTOTAL(103,E53) -> 1 | AF53: =VLOOKUP(D53,especies!$A$2:$C$9,3,FALSE) -> 1 | AG53: =AF53&"-"&E53 -> 1-Mestizo | AH53: =VLOOKUP('Fichas clínicas'!AG53,razas!$A$2:$D$66,3,FALSE) -> 1 | AI53: =IF(F53="Hembra","H","M") -> H
A54: 53 | B54: 10073818-k | C54: ROCKY | D54: Canis lupus familiaris | E54: Mestizo | F54: Macho | G54: NEGRO CAFE | J54: 2020-08-01 | K54: 0000-00-00 | L54: 0000-00-00 | M54: 0000-00-00 | N54: 0000-00-00 | O54: 0000-00-00 | T54: 0000-00-00 | U54: 0 | W54: 0 | X54: 0 | Y54: 0 | AE54: =SUBTOTAL(103,E54) -> 1 | AF54: =VLOOKUP(D54,especies!$A$2:$C$9,3,FALSE) -> 1 | AG54: =AF54&"-"&E54 -> 1-Mestizo | AH54: =VLOOKUP('Fichas clínicas'!AG54,razas!$A$2:$D$66,3,FALSE) -> 1 | AI54: =IF(F54="Hembra","H","M") -> M
A55: 55 | B55: 16160582-4 | C55: Elha | D55: Felis silvestris catus | E55: DPC (Doméstico de pelo corto o DSH) | F55: Hembra | G55: Blanco amarillo negro | J55: 2020-07-30 | K55: 0000-00-00 | L55: 0000-00-00 | M55: 0000-00-00 | N55: 0000-00-00 | O55: 0000-00-00 | Q55: 0 | T55: 0000-00-00 | U55: 0 | V55: 0 | W55: 0 | X55: 0 | Y55: 0 | Z55: 0 | AA55: 0 | AB55: 0 | AC55: 0 | AD55: 0 | AE55: =SUBTOTAL(103,E55) -> 1 | AF55: =VLOOKUP(D55,especies!$A$2:$C$9,3,FALSE) -> 2 | AG55: =AF55&"-"&E55 -> 2-DPC (Doméstico de pelo corto o DSH) | AH55: =VLOOKUP('Fichas clínicas'!AG55,razas!$A$2:$D$66,3,FALSE) -> 51 | AI55: =IF(F55="Hembra","H","M") -> H
A56: 56 | B56: 16160582-4 | C56: Ygorh | D56: Felis silvestris catus | E56: DPL (Doméstico de pelo Largo o DLH) | F56: Macho | G56: Crema café | J56: 2020-08-30 | K56: 0000-00-00 | L56: 0000-00-00 | M56: 0000-00-00 | N56: 0000-00-00 | O56: 0000-00-00 | Q56: 0 | T56: 0000-00-00 | U56: 0 | V56: 0 | W56: 0 | X56: 0 | Y56: 0 | Z56: 0 | AA56: 0 | AB56: 0 | AC56: 0 | AD56: 0 | AE56: =SUBTOTAL(103,E56) -> 1 | AF56: =VLOOKUP(D56,especies!$A$2:$C$9,3,FALSE) -> 2 | AG56: =AF56&"-"&E56 -> 2-DPL (Doméstico de pelo Largo o DLH) | AH56: =VLOOKUP('Fichas clínicas'!AG56,razas!$A$2:$D$66,3,FALSE) -> 52 | AI56: =IF(F56="Hembra","H","M") -> M
A57: 57 | B57: 15531062-6 | C57: DOKY | D57: Canis lupus familiaris | E57: Fox Terrier Pelo Corto | F57: Macho | G57: NEGRO CAFE BLANCO | J57: 2020-06-30 | K57: 0000-00-00 | L57: 0000-00-00 | M57: 0000-00-00 | N57: 0000-00-00 | O57: 0000-00-00 | Q57: 0 | T57: 0000-00-00 | U57: 0 | V57: 0 | W57: 0 | X57: 0 | Y57: 0 | Z57: 0 | AA57: 0 | AB57: 0 | AC57: 0 | AD57: 0 | AE57: =SUBTOTAL(103,E57) -> 1 | AF57: =VLOOKUP(D57,especies!$A$2:$C$9,3,FALSE) -> 1 | AG57: =AF57&"-"&E57 -> 1-Fox Terrier Pelo Corto | AH57: =VLOOKUP('Fichas clínicas'!AG57,razas!$A$2:$D$66,3,FALSE) -> 2 | AI57: =IF(F57="Hembra","H","M") -> M
A58: 58 | B58: 18590792-9 | C58: PRINCESA | D58: Felis silvestris catus | E58: DPC (Doméstico de pelo corto o DSH) | F58: Hembra | G58: GRIS CREMA | J58: 2019-11-01 | K58: 0000-00-00 | L58: 0000-00-00 | M58: 0000-00-00 | N58: 0000-00-00 | O58: 0000-00-00 | Q58: 1 | T58: 0000-00-00 | U58: 0 | V58: 0 | W58: 0 | X58: 0 | Y58: 0 | Z58: 0 | AA58: 0 | AB58: 0 | AC58: 0 | AD58: 0 | AE58: =SUBTOTAL(103,E58) -> 1 | AF58: =VLOOKUP(D58,especies!$A$2:$C$9,3,FALSE) -> 2 | AG58: =AF58&"-"&E58 -> 2-DPC (Doméstico de pelo corto o DSH) | AH58: =VLOOKUP('Fichas clínicas'!AG58,razas!$A$2:$D$66,3,FALSE) -> 51 | AI58: =IF(F58="Hembra","H","M") -> H
A59: 59 | B59: 17513079-9 | C59: CHARLOTTE | D59: Felis silvestris catus | E59: DPC (Doméstico de pelo corto o DSH) | F59: Hembra | G59: ROJO BLANCO | J59: 2020-03-01 | K59: 0000-00-00 | L59: 0000-00-00 | M59: 0000-00-00 | N59: 0000-00-00 | O59: 0000-00-00 | T59: 0000-00-00 | U59: 0 | V59: 1 | W59: 0 | X59: 0 | Y59: 0 | AE59: =SUBTOTAL(103,E59) -> 1 | AF59: =VLOOKUP(D59,especies!$A$2:$C$9,3,FALSE) -> 2 | AG59: =AF59&"-"&E59 -> 2-DPC (Doméstico de pelo corto o DSH) | AH59: =VLOOKUP('Fichas clínicas'!AG59,razas!$A$2:$D$66,3,FALSE) -> 51 | AI59: =IF(F59="Hembra","H","M") -> H
A60: 60 | B60: 19022056-7 | C60: TAMBOR | D60: Otra | E60: Otra | F60: Macho | G60: blanco negro | J60: 2020-06-01 | K60: 0000-00-00 | L60: 0000-00-00 | M60: 0000-00-00 | N60: 0000-00-00 | O60: 0000-00-00 | T60: 0000-00-00 | U60: 0 | W60: 0 | X60: 0 | Y60: 0 | AE60: =SUBTOTAL(103,E60) -> 1 | AF60: =VLOOKUP(D60,especies!$A$2:$C$9,3,FALSE) -> 3 | AG60: =AF60&"-"&E60 -> 3-Otra | AH60: =VLOOKUP('Fichas clínicas'!AG60,razas!$A$2:$D$66,3,FALSE) -> 55 | AI60: =IF(F60="Hembra","H","M") -> M
A61: 61 | B61: 26187713-9 | C61: CLOE | D61: Felis silvestris catus | E61: DPL (Doméstico de pelo Largo o DLH) | F61: Hembra | G61: BLANCO CREMA GRIS | J61: 2020-10-01 | K61: 0000-00-00 | L61: 0000-00-00 | M61: 0000-00-00 | N61: 0000-00-00 | O61: 0000-00-00 | T61: 0000-00-00 | U61: 0 | W61: 0 | X61: 0 | Y61: 0 | AE61: =SUBTOTAL(103,E61) -> 1 | AF61: =VLOOKUP(D61,especies!$A$2:$C$9,3,FALSE) -> 2 | AG61: =AF61&"-"&E61 -> 2-DPL (Doméstico de pelo Largo o DLH) | AH61: =VLOOKUP('Fichas clínicas'!AG61,razas!$A$2:$D$66,3,FALSE) -> 52 | AI61: =IF(F61="Hembra","H","M") -> H
A62: 62 | B62: 21742568-9 | C62: DOKy | D62: Canis lupus familiaris | E62: Mestizo | F62: Macho | G62: blanco | J62: 2007-05-25 | K62: 0000-00-00 | L62: 0000-00-00 | M62: 0000-00-00 | N62: 0000-00-00 | O62: 0000-00-00 | Q62: 0 | T62: 0000-00-00 | U62: 0 | V62: 0 | W62: 0 | X62: 0 | Y62: 0 | Z62: 0 | AA62: 0 | AB62: 0 | AC62: 0 | AD62: 0 | AE62: =SUBTOTAL(103,E62) -> 1 | AF62: =VLOOKUP(D62,especies!$A$2:$C$9,3,FALSE) -> 1 | AG62: =AF62&"-"&E62 -> 1-Mestizo | AH62: =VLOOKUP('Fichas clínicas'!AG62,razas!$A$2:$D$66,3,FALSE) -> 1 | AI62: =IF(F62="Hembra","H","M") -> M
A63: 63 | B63: 17694013-1 | C63: ROLLY | D63: Canis lupus familiaris | E63: Poodle | F63: Macho | G63: BLANCO | J63: 2018-04-07 | K63: 0000-00-00 | L63: 0000-00-00 | M63: 0000-00-00 | N63: 0000-00-00 | O63: 0000-00-00 | T63: 0000-00-00 | U63: 0 | V63: 1 | W63: 0 | X63: 0 | Y63: 0 | AE63: =SUBTOTAL(103,E63) -> 1 | AF63: =VLOOKUP(D63,especies!$A$2:$C$9,3,FALSE) -> 1 | AG63: =AF63&"-"&E63 -> 1-Poodle | AH63: =VLOOKUP('Fichas clínicas'!AG63,razas!$A$2:$D$66,3,FALSE) -> 6 | AI63: =IF(F63="Hembra","H","M") -> M
A64: 64 | B64: 15294412-8 | C64: BLANCA | D64: Canis lupus familiaris | E64: Poodle | F64: Hembra | G64: BLANCO | J64: 2016-12-15 | K64: 0000-00-00 | L64: 0000-00-00 | M64: 0000-00-00 | N64: 0000-00-00 | O64: 0000-00-00 | Q64: 0 | T64: 0000-00-00 | U64: 0 | V64: 0 | W64: 0 | X64: 0 | Y64: 0 | Z64: 0 | AA64: 0 | AB64: 0 | AC64: 0 | AD64: 0 | AE64: =SUBTOTAL(103,E64) -> 1 | AF64: =VLOOKUP(D64,especies!$A$2:$C$9,3,FALSE) -> 1 | AG64: =AF64&"-"&E64 -> 1-Poodle | AH64: =VLOOKUP('Fichas clínicas'!AG64,razas!$A$2:$D$66,3,FALSE) -> 6 | AI64: =IF(F64="Hembra","H","M") -> H
A65: 65 | B65: 15294412-8 | C65: AKUMA | D65: Felis silvestris catus | E65: DPC (Doméstico de pelo corto o DSH) | F65: Macho | G65: crema blanco | J65: 2020-03-30 | K65: 0000-00-00 | L65: 0000-00-00 | M65: 0000-00-00 | N65: 0000-00-00 | O65: 0000-00-00 | T65: 0000-00-00 | U65: 0 | W65: 0 | X65: 0 | Y65: 0 | AE65: =SUBTOTAL(103,E65) -> 1 | AF65: =VLOOKUP(D65,especies!$A$2:$C$9,3,FALSE) -> 2 | AG65: =AF65&"-"&E65 -> 2-DPC (Doméstico de pelo corto o DSH) | AH65: =VLOOKUP('Fichas clínicas'!AG65,razas!$A$2:$D$66,3,FALSE) -> 51 | AI65: =IF(F65="Hembra","H","M") -> M
A66: 66 | B66: 8880424-4 | C66: PUPPE | D66: Canis lupus familiaris | E66: Terrier Chileno | F66: Hembra | G66: BLANCO NEGRO CAFE | J66: 2020-10-15 | K66: 0000-00-00 | L66: 0000-00-00 | M66: 0000-00-00 | N66: 0000-00-00 | O66: 0000-00-00 | T66: 0000-00-00 | U66: 0 | W66: 0 | X66: 0 | Y66: 0 | AE66: =SUBTOTAL(103,E66) -> 1 | AF66: =VLOOKUP(D66,especies!$A$2:$C$9,3,FALSE) -> 1 | AG66: =AF66&"-"&E66 -> 1-Terrier Chileno | AH66: =VLOOKUP('Fichas clínicas'!AG66,razas!$A$2:$D$66,3,FALSE) -> 10 | AI66: =IF(F66="Hembra","H","M") -> H
A67: 67 | B67: 13587101-k | C67: COOPER | D67: Canis lupus familiaris | E67: Poodle | F67: Macho | G67: BLANCO | J67: 2015-03-05 | K67: 0000-00-00 | L67: 0000-00-00 | M67: 0000-00-00 | N67: 0000-00-00 | O67: 0000-00-00 | T67: 0000-00-00 | U67: 0 | W67: 0 | X67: 0 | Y67: 0 | AE67: =SUBTOTAL(103,E67) -> 1 | AF67: =VLOOKUP(D67,especies!$A$2:$C$9,3,FALSE) -> 1 | AG67: =AF67&"-"&E67 -> 1-Poodle | AH67: =VLOOKUP('Fichas clínicas'!AG67,razas!$A$2:$D$66,3,FALSE) -> 6 | AI67: =IF(F67="Hembra","H","M") -> M
A68: 68 | B68: 19249871-6 | C68: LOLA | D68: Canis lupus familiaris | E68: Mestizo | F68: Hembra | G68: CAFÉ blanco | J68: 2007-08-01 | K68: 0000-00-00 | L68: 0000-00-00 | M68: 0000-00-00 | N68: 0000-00-00 | O68: 0000-00-00 | T68: 0000-00-00 | U68: 0 | V68: 1 | W68: 0 | X68: 0 | Y68: 0 | AE68: =SUBTOTAL(103,E68) -> 1 | AF68: =VLOOKUP(D68,especies!$A$2:$C$9,3,FALSE) -> 1 | AG68: =AF68&"-"&E68 -> 1-Mestizo | AH68: =VLOOKUP('Fichas clínicas'!AG68,razas!$A$2:$D$66,3,FALSE) -> 1 | AI68: =IF(F68="Hembra","H","M") -> H
A69: 69 | B69: 21375109-3 | C69: PERLA ESPARZA | D69: Canis lupus familiaris | E69: Mestizo | F69: Hembra | G69: NEGRO | J69: 2014-12-09 | K69: 0000-00-00 | L69: 0000-00-00 | M69: 0000-00-00 | N69: 0000-00-00 | O69: 0000-00-00 | T69: 0000-00-00 | U69: 0 | V69: 1 | W69: 0 | X69: 0 | Y69: 0 | AE69: =SUBTOTAL(103,E69) -> 1 | AF69: =VLOOKUP(D69,especies!$A$2:$C$9,3,FALSE) -> 1 | AG69: =AF69&"-"&E69 -> 1-Mestizo | AH69: =VLOOKUP('Fichas clínicas'!AG69,razas!$A$2:$D$66,3,FALSE) -> 1 | AI69: =IF(F69="Hembra","H","M") -> H
A70: 70 | B70: 18288907-5 | C70: CHOFI | D70: Canis lupus familiaris | E70: Poodle | F70: Hembra | G70: BLANCO | J70: 2015-01-01 | K70: 0000-00-00 | L70: 0000-00-00 | M70: 0000-00-00 | N70: 0000-00-00 | O70: 0000-00-00 | T70: 0000-00-00 | U70: 0 | V70: 1 | W70: 0 | X70: 0 | Y70: 0 | AE70: =SUBTOTAL(103,E70) -> 1 | AF70: =VLOOKUP(D70,especies!$A$2:$C$9,3,FALSE) -> 1 | AG70: =AF70&"-"&E70 -> 1-Poodle | AH70: =VLOOKUP('Fichas clínicas'!AG70,razas!$A$2:$D$66,3,FALSE) -> 6 | AI70: =IF(F70="Hembra","H","M") -> H
A71: 71 | B71: 15894445-6 | C71: CHIKI | D71: Canis lupus familiaris | E71: Poodle | F71: Macho | G71: BLANCO | J71: 2014-12-26 | K71: 0000-00-00 | L71: 0000-00-00 | M71: 0000-00-00 | N71: 0000-00-00 | O71: 0000-00-00 | T71: 0000-00-00 | U71: 0 | W71: 0 | X71: 0 | Y71: 0 | AE71: =SUBTOTAL(103,E71) -> 1 | AF71: =VLOOKUP(D71,especies!$A$2:$C$9,3,FALSE) -> 1 | AG71: =AF71&"-"&E71 -> 1-Poodle | AH71: =VLOOKUP('Fichas clínicas'!AG71,razas!$A$2:$D$66,3,FALSE) -> 6 | AI71: =IF(F71="Hembra","H","M") -> M
A72: 72 | B72: 16564231-7 | C72: MAX | D72: Felis silvestris catus | E72: DPC (Doméstico de pelo corto o DSH) | F72: Macho | G72: GRIS BLANCO | J72: 2020-11-30 | K72: 0000-00-00 | L72: 0000-00-00 | M72: 0000-00-00 | N72: 0000-00-00 | O72: 0000-00-00 | T72: 0000-00-00 | U72: 0 | W72: 0 | X72: 0 | Y72: 0 | AE72: =SUBTOTAL(103,E72) -> 1 | AF72: =VLOOKUP(D72,especies!$A$2:$C$9,3,FALSE) -> 2 | AG72: =AF72&"-"&E72 -> 2-DPC (Doméstico de pelo corto o DSH) | AH72: =VLOOKUP('Fichas clínicas'!AG72,razas!$A$2:$D$66,3,FALSE) -> 51 | AI72: =IF(F72="Hembra","H","M") -> M
A73: 73 | B73: 18775966-8 | C73: LUNA | D73: Canis lupus familiaris | E73: Mestizo | F73: Hembra | G73: NEGRO CAFE BLANCO | J73: 2019-12-01 | K73: 0000-00-00 | L73: 0000-00-00 | M73: 0000-00-00 | N73: 0000-00-00 | O73: 0000-00-00 | T73: 0000-00-00 | U73: 0 | W73: 0 | X73: 0 | Y73: 0 | AE73: =SUBTOTAL(103,E73) -> 1 | AF73: =VLOOKUP(D73,especies!$A$2:$C$9,3,FALSE) -> 1 | AG73: =AF73&"-"&E73 -> 1-Mestizo | AH73: =VLOOKUP('Fichas clínicas'!AG73,razas!$A$2:$D$66,3,FALSE) -> 1 | AI73: =IF(F73="Hembra","H","M") -> H
A74: 74 | B74: 13587841-3 | C74: GAARA | D74: Canis lupus familiaris | E74: Mestizo | F74: Macho | G74: BLANCO NEGRO | J74: 2020-05-14 | K74: 0000-00-00 | L74: 0000-00-00 | M74: 0000-00-00 | N74: 0000-00-00 | O74: 0000-00-00 | T74: 0000-00-00 | U74: 0 | W74: 0 | X74: 0 | Y74: 0 | AE74: =SUBTOTAL(103,E74) -> 1 | AF74: =VLOOKUP(D74,especies!$A$2:$C$9,3,FALSE) -> 1 | AG74: =AF74&"-"&E74 -> 1-Mestizo | AH74: =VLOOKUP('Fichas clínicas'!AG74,razas!$A$2:$D$66,3,FALSE) -> 1 | AI74: =IF(F74="Hembra","H","M") -> M
A75: 75 | B75: 21248634-5 | C75: GORDO | D75: Felis silvestris catus | E75: DPC (Doméstico de pelo corto o DSH) | F75: Macho | G75: CAFÉ | J75: 2018-12-01 | K75: 0000-00-00 | L75: 0000-00-00 | M75: 0000-00-00 | N75: 0000-00-00 | O75: 0000-00-00 | T75: 0000-00-00 | U75: 0 | V75: 1 | W75: 0 | X75: 0 | Y75: 0 | AE75: =SUBTOTAL(103,E75) -> 1 | AF75: =VLOOKUP(D75,especies!$A$2:$C$9,3,FALSE) -> 2 | AG75: =AF75&"-"&E75 -> 2-DPC (Doméstico de pelo corto o DSH) | AH75: =VLOOKUP('Fichas clínicas'!AG75,razas!$A$2:$D$66,3,FALSE) -> 51 | AI75: =IF(F75="Hembra","H","M") -> M
A76: 76 | B76: 8075808-1 | C76: ROMEO | D76: Felis silvestris catus | E76: DPL (Doméstico de pelo Largo o DLH) | F76: Macho | G76: ROJO | J76: 2020-05-04 | K76: 0000-00-00 | L76: 0000-00-00 | M76: 0000-00-00 | N76: 0000-00-00 | O76: 0000-00-00 | T76: 0000-00-00 | U76: 0 | W76: 0 | X76: 0 | Y76: 0 | AE76: =SUBTOTAL(103,E76) -> 1 | AF76: =VLOOKUP(D76,especies!$A$2:$C$9,3,FALSE) -> 2 | AG76: =AF76&"-"&E76 -> 2-DPL (Doméstico de pelo Largo o DLH) | AH76: =VLOOKUP('Fichas clínicas'!AG76,razas!$A$2:$D$66,3,FALSE) -> 52 | AI76: =IF(F76="Hembra","H","M") -> M
A77: 77 | B77: 14082700-2 | C77: JUANITA | D77: Felis silvestris catus | E77: DPC (Doméstico de pelo corto o DSH) | F77: Hembra | G77: BLANCO | J77: 2019-10-20 | K77: 0000-00-00 | L77: 0000-00-00 | M77: 0000-00-00 | N77: 0000-00-00 | O77: 0000-00-00 | T77: 0000-00-00 | U77: 0 | W77: 0 | X77: 0 | Y77: 0 | AE77: =SUBTOTAL(103,E77) -> 1 | AF77: =VLOOKUP(D77,especies!$A$2:$C$9,3,FALSE) -> 2 | AG77: =AF77&"-"&E77 -> 2-DPC (Doméstico de pelo corto o DSH) | AH77: =VLOOKUP('Fichas clínicas'!AG77,razas!$A$2:$D$66,3,FALSE) -> 51 | AI77: =IF(F77="Hembra","H","M") -> H
A78: 78 | B78: 19375926-2 | C78: MANCHAS | D78: Felis silvestris catus | E78: DPC (Doméstico de pelo corto o DSH) | F78: Macho | G78: BLANCO GRIS | J78: 2019-01-01 | K78: 0000-00-00 | L78: 0000-00-00 | M78: 0000-00-00 | N78: 0000-00-00 | O78: 0000-00-00 | Q78: 0 | T78: 0000-00-00 | U78: 0 | V78: 1 | W78: 0 | X78: 0 | Y78: 0 | Z78: 0 | AA78: 0 | AB78: 0 | AC78: 0 | AD78: 0 | AE78: =SUBTOTAL(103,E78) -> 1 | AF78: =VLOOKUP(D78,especies!$A$2:$C$9,3,FALSE) -> 2 | AG78: =AF78&"-"&E78 -> 2-DPC (Doméstico de pelo corto o DSH) | AH78: =VLOOKUP('Fichas clínicas'!AG78,razas!$A$2:$D$66,3,FALSE) -> 51 | AI78: =IF(F78="Hembra","H","M") -> M
A79: 79 | B79: 20314488-1 | C79: Perla | D79: Canis lupus familiaris | E79: Poodle | F79: Hembra | G79: Negro | J79: 2019-01-08 | K79: 0000-00-00 | L79: 0000-00-00 | M79: 0000-00-00 | N79: 0000-00-00 | O79: 0000-00-00 | T79: 0000-00-00 | U79: 0 | V79: 1 | W79: 0 | X79: 0 | Y79: 0 | AE79: =SUBTOTAL(103,E79) -> 1 | AF79: =VLOOKUP(D79,especies!$A$2:$C$9,3,FALSE) -> 1 | AG79: =AF79&"-"&E79 -> 1-Poodle | AH79: =VLOOKUP('Fichas clínicas'!AG79,razas!$A$2:$D$66,3,FALSE) -> 6 | AI79: =IF(F79="Hembra","H","M") -> H
A80: 80 | B80: 13523057-k | C80: JOSE LORENZO | D80: Felis silvestris catus | E80: DPC (Doméstico de pelo corto o DSH) | F80: Macho | G80: BLANCO | J80: 2019-03-09 | K80: 0000-00-00 | L80: 0000-00-00 | M80: 0000-00-00 | N80: 0000-00-00 | O80: 0000-00-00 | T80: 0000-00-00 | U80: 0 | V80: 1 | W80: 0 | X80: 0 | Y80: 0 | AE80: =SUBTOTAL(103,E80) -> 1 | AF80: =VLOOKUP(D80,especies!$A$2:$C$9,3,FALSE) -> 2 | AG80: =AF80&"-"&E80 -> 2-DPC (Doméstico de pelo corto o DSH) | AH80: =VLOOKUP('Fichas clínicas'!AG80,razas!$A$2:$D$66,3,FALSE) -> 51 | AI80: =IF(F80="Hembra","H","M") -> M
A81: 81 | B81: 9655291-2 | C81: ROCKY | D81: Canis lupus familiaris | E81: Mestizo | F81: Macho | G81: NEGRO GRIS | J81: 2019-12-01 | K81: 0000-00-00 | L81: 0000-00-00 | M81: 0000-00-00 | N81: 0000-00-00 | O81: 0000-00-00 | T81: 0000-00-00 | U81: 0 | W81: 0 | X81: 0 | Y81: 0 | AE81: =SUBTOTAL(103,E81) -> 1 | AF81: =VLOOKUP(D81,especies!$A$2:$C$9,3,FALSE) -> 1 | AG81: =AF81&"-"&E81 -> 1-Mestizo | AH81: =VLOOKUP('Fichas clínicas'!AG81,razas!$A$2:$D$66,3,FALSE) -> 1 | AI81: =IF(F81="Hembra","H","M") -> M
A82: 82 | B82: 16806597-3 | C82: ESTRELLA | D82: Canis lupus familiaris | E82: Pug | F82: Hembra | G82: NEGRO | J82: 2018-05-01 | K82: 0000-00-00 | L82: 0000-00-00 | M82: 0000-00-00 | N82: 0000-00-00 | O82: 0000-00-00 | T82: 0000-00-00 | U82: 0 | W82: 0 | X82: 0 | Y82: 0 | AE82: =SUBTOTAL(103,E82) -> 1 | AF82: =VLOOKUP(D82,especies!$A$2:$C$9,3,FALSE) -> 1 | AG82: =AF82&"-"&E82 -> 1-Pug | AH82: =VLOOKUP('Fichas clínicas'!AG82,razas!$A$2:$D$66,3,FALSE) -> 11 | AI82: =IF(F82="Hembra","H","M") -> H
A83: 83 | B83: 13807616-4 | C83: ANTU | D83: Canis lupus familiaris | E83: Mestizo | F83: Macho | G83: CREMA | J83: 2015-11-28 | K83: 0000-00-00 | L83: 0000-00-00 | M83: 0000-00-00 | N83: 0000-00-00 | O83: 0000-00-00 | T83: 0000-00-00 | U83: 0 | V83: 1 | W83: 0 | X83: 0 | Y83: 0 | AE83: =SUBTOTAL(103,E83) -> 1 | AF83: =VLOOKUP(D83,especies!$A$2:$C$9,3,FALSE) -> 1 | AG83: =AF83&"-"&E83 -> 1-Mestizo | AH83: =VLOOKUP('Fichas clínicas'!AG83,razas!$A$2:$D$66,3,FALSE) -> 1 | AI83: =IF(F83="Hembra","H","M") -> M
A84: 84 | B84: 15883460-K | C84: PERLA | D84: Canis lupus familiaris | E84: Mestizo | F84: Hembra | G84: CREMA | J84: 2017-12-18 | K84: 0000-00-00 | L84: 0000-00-00 | M84: 0000-00-00 | N84: 0000-00-00 | O84: 0000-00-00 | T84: 0000-00-00 | U84: 0 | W84: 0 | X84: 0 | Y84: 0 | AE84: =SUBTOTAL(103,E84) -> 1 | AF84: =VLOOKUP(D84,especies!$A$2:$C$9,3,FALSE) -> 1 | AG84: =AF84&"-"&E84 -> 1-Mestizo | AH84: =VLOOKUP('Fichas clínicas'!AG84,razas!$A$2:$D$66,3,FALSE) -> 1 | AI84: =IF(F84="Hembra","H","M") -> H
A85: 85 | B85: 20868456-6 | C85: SIMBA | D85: Felis silvestris catus | E85: DPL (Doméstico de pelo Largo o DLH) | F85: Macho | G85: BLANCO | J85: 2020-10-24 | K85: 0000-00-00 | L85: 0000-00-00 | M85: 0000-00-00 | N85: 0000-00-00 | O85: 0000-00-00 | T85: 0000-00-00 | U85: 0 | W85: 0 | X85: 0 | Y85: 0 | AE85: =SUBTOTAL(103,E85) -> 1 | AF85: =VLOOKUP(D85,especies!$A$2:$C$9,3,FALSE) -> 2 | AG85: =AF85&"-"&E85 -> 2-DPL (Doméstico de pelo Largo o DLH) | AH85: =VLOOKUP('Fichas clínicas'!AG85,razas!$A$2:$D$66,3,FALSE) -> 52 | AI85: =IF(F85="Hembra","H","M") -> M
A86: 86 | B86: 7695805-k | C86: guardiana | D86: Canis lupus familiaris | E86: Mestizo | F86: Hembra | G86: negra | J86: 2011-07-01 | K86: 0000-00-00 | L86: 0000-00-00 | M86: 0000-00-00 | N86: 0000-00-00 | O86: 0000-00-00 | T86: 0000-00-00 | U86: 0 | V86: 1 | W86: 0 | X86: 0 | Y86: 0 | AE86: =SUBTOTAL(103,E86) -> 1 | AF86: =VLOOKUP(D86,especies!$A$2:$C$9,3,FALSE) -> 1 | AG86: =AF86&"-"&E86 -> 1-Mestizo | AH86: =VLOOKUP('Fichas clínicas'!AG86,razas!$A$2:$D$66,3,FALSE) -> 1 | AI86: =IF(F86="Hembra","H","M") -> H
A87: 87 | B87: 18617587-5 | C87: EMPANADA KAREN | D87: Felis silvestris catus | E87: DPC (Doméstico de pelo corto o DSH) | F87: Hembra | G87: CAFE CREMA | J87: 2018-11-01 | K87: 0000-00-00 | L87: 0000-00-00 | M87: 0000-00-00 | N87: 0000-00-00 | O87: 0000-00-00 | T87: 0000-00-00 | U87: 0 | V87: 1 | W87: 0 | X87: 0 | Y87: 0 | AE87: =SUBTOTAL(103,E87) -> 1 | AF87: =VLOOKUP(D87,especies!$A$2:$C$9,3,FALSE) -> 2 | AG87: =AF87&"-"&E87 -> 2-DPC (Doméstico de pelo corto o DSH) | AH87: =VLOOKUP('Fichas clínicas'!AG87,razas!$A$2:$D$66,3,FALSE) -> 51 | AI87: =IF(F87="Hembra","H","M") -> H
A88: 88 | B88: 14083166-2 | C88: LUCAS | D88: Canis lupus familiaris | E88: Mestizo | F88: Macho | G88: CAFE NEGRO | J88: 2018-09-01 | K88: 0000-00-00 | L88: 0000-00-00 | M88: 0000-00-00 | N88: 0000-00-00 | O88: 0000-00-00 | T88: 0000-00-00 | U88: 0 | W88: 0 | X88: 0 | Y88: 0 | AE88: =SUBTOTAL(103,E88) -> 1 | AF88: =VLOOKUP(D88,especies!$A$2:$C$9,3,FALSE) -> 1 | AG88: =AF88&"-"&E88 -> 1-Mestizo | AH88: =VLOOKUP('Fichas clínicas'!AG88,razas!$A$2:$D$66,3,FALSE) -> 1 | AI88: =IF(F88="Hembra","H","M") -> M
A89: 89 | B89: 13587789-1 | C89: Milo | D89: Canis lupus familiaris | E89: Mestizo | F89: Macho | G89: CAFÉ | J89: 2016-09-24 | K89: 0000-00-00 | L89: 0000-00-00 | M89: 0000-00-00 | N89: 0000-00-00 | O89: 0000-00-00 | T89: 0000-00-00 | U89: 0 | W89: 0 | X89: 0 | Y89: 0 | AE89: =SUBTOTAL(103,E89) -> 1 | AF89: =VLOOKUP(D89,especies!$A$2:$C$9,3,FALSE) -> 1 | AG89: =AF89&"-"&E89 -> 1-Mestizo | AH89: =VLOOKUP('Fichas clínicas'!AG89,razas!$A$2:$D$66,3,FALSE) -> 1 | AI89: =IF(F89="Hembra","H","M") -> M
A90: 90 | B90: 13587101-k | C90: AMY | D90: Canis lupus familiaris | E90: Poodle | F90: Hembra | G90: GRIS | J90: 2016-12-01 | K90: 0000-00-00 | L90: 0000-00-00 | M90: 0000-00-00 | N90: 0000-00-00 | O90: 0000-00-00 | T90: 0000-00-00 | U90: 0 | V90: 1 | W90: 0 | X90: 0 | Y90: 0 | AE90: =SUBTOTAL(103,E90) -> 1 | AF90: =VLOOKUP(D90,especies!$A$2:$C$9,3,FALSE) -> 1 | AG90: =AF90&"-"&E90 -> 1-Poodle | AH90: =VLOOKUP('Fichas clínicas'!AG90,razas!$A$2:$D$66,3,FALSE) -> 6 | AI90: =IF(F90="Hembra","H","M") -> H
A91: 91 | B91: 17652731-5 | C91: LUNA | D91: Canis lupus familiaris | E91: Pug | F91: Hembra | G91: CREMA | J91: 2020-09-01 | K91: 0000-00-00 | L91: 0000-00-00 | M91: 0000-00-00 | N91: 0000-00-00 | O91: 0000-00-00 | T91: 0000-00-00 | U91: 0 | W91: 0 | X91: 0 | Y91: 0 | AE91: =SUBTOTAL(103,E91) -> 1 | AF91: =VLOOKUP(D91,especies!$A$2:$C$9,3,FALSE) -> 1 | AG91: =AF91&"-"&E91 -> 1-Pug | AH91: =VLOOKUP('Fichas clínicas'!AG91,razas!$A$2:$D$66,3,FALSE) -> 11 | AI91: =IF(F91="Hembra","H","M") -> H
A92: 92 | B92: 20642000-6 | C92: GORDO | D92: Felis silvestris catus | E92: DPL (Doméstico de pelo Largo o DLH) | F92: Macho | G92: ROJO BLANCO | J92: 2020-11-01 | K92: 0000-00-00 | L92: 0000-00-00 | M92: 0000-00-00 | N92: 0000-00-00 | O92: 0000-00-00 | T92: 0000-00-00 | U92: 0 | W92: 0 | X92: 0 | Y92: 0 | AE92: =SUBTOTAL(103,E92) -> 1 | AF92: =VLOOKUP(D92,especies!$A$2:$C$9,3,FALSE) -> 2 | AG92: =AF92&"-"&E92 -> 2-DPL (Doméstico de pelo Largo o DLH) | AH92: =VLOOKUP('Fichas clínicas'!AG92,razas!$A$2:$D$66,3,FALSE) -> 52 | AI92: =IF(F92="Hembra","H","M") -> M
A93: 93 | B93: 20642000-6 | C93: GUANTES | D93: Felis silvestris catus | E93: DPL (Doméstico de pelo Largo o DLH) | F93: Macho | G93: ROJO BLANCO | J93: 2020-11-01 | K93: 0000-00-00 | L93: 0000-00-00 | M93: 0000-00-00 | N93: 0000-00-00 | O93: 0000-00-00 | T93: 0000-00-00 | U93: 0 | W93: 0 | X93: 0 | Y93: 0 | AE93: =SUBTOTAL(103,E93) -> 1 | AF93: =VLOOKUP(D93,especies!$A$2:$C$9,3,FALSE) -> 2 | AG93: =AF93&"-"&E93 -> 2-DPL (Doméstico de pelo Largo o DLH) | AH93: =VLOOKUP('Fichas clínicas'!AG93,razas!$A$2:$D$66,3,FALSE) -> 52 | AI93: =IF(F93="Hembra","H","M") -> M
A94: 94 | B94: 20642000-6 | C94: WIRU | D94: Felis silvestris catus | E94: DPL (Doméstico de pelo Largo o DLH) | F94: Hembra | G94: ROJO BLANCO | J94: 2020-11-01 | K94: 0000-00-00 | L94: 0000-00-00 | M94: 0000-00-00 | N94: 0000-00-00 | O94: 0000-00-00 | T94: 0000-00-00 | U94: 0 | W94: 0 | X94: 0 | Y94: 0 | AE94: =SUBTOTAL(103,E94) -> 1 | AF94: =VLOOKUP(D94,especies!$A$2:$C$9,3,FALSE) -> 2 | AG94: =AF94&"-"&E94 -> 2-DPL (Doméstico de pelo Largo o DLH) | AH94: =VLOOKUP('Fichas clínicas'!AG94,razas!$A$2:$D$66,3,FALSE) -> 52 | AI94: =IF(F94="Hembra","H","M") -> H
A95: 95 | B95: 21699213-k | C95: LULU | D95: Canis lupus familiaris | E95: Mestizo | F95: Hembra | G95: CREMA | J95: 2020-02-15 | K95: 0000-00-00 | L95: 0000-00-00 | M95: 0000-00-00 | N95: 0000-00-00 | O95: 0000-00-00 | T95: 0000-00-00 | U95: 0 | W95: 0 | X95: 0 | Y95: 0 | AE95: =SUBTOTAL(103,E95) -> 1 | AF95: =VLOOKUP(D95,especies!$A$2:$C$9,3,FALSE) -> 1 | AG95: =AF95&"-"&E95 -> 1-Mestizo | AH95: =VLOOKUP('Fichas clínicas'!AG95,razas!$A$2:$D$66,3,FALSE) -> 1 | AI95: =IF(F95="Hembra","H","M") -> H
A96: 96 | B96: 15353719-4 | C96: BAST | D96: Felis silvestris catus | E96: DPL (Doméstico de pelo Largo o DLH) | F96: Hembra | G96: GRIS BLANCO | J96: 2020-10-23 | K96: 0000-00-00 | L96: 0000-00-00 | M96: 0000-00-00 | N96: 0000-00-00 | O96: 0000-00-00 | T96: 0000-00-00 | U96: 0 | W96: 0 | X96: 0 | Y96: 0 | AE96: =SUBTOTAL(103,E96) -> 1 | AF96: =VLOOKUP(D96,especies!$A$2:$C$9,3,FALSE) -> 2 | AG96: =AF96&"-"&E96 -> 2-DPL (Doméstico de pelo Largo o DLH) | AH96: =VLOOKUP('Fichas clínicas'!AG96,razas!$A$2:$D$66,3,FALSE) -> 52 | AI96: =IF(F96="Hembra","H","M") -> H
A97: 97 | B97: 9062344-3 | C97: MIA | D97: Felis silvestris catus | E97: DPC (Doméstico de pelo corto o DSH) | F97: Hembra | G97: ROJO BLANCO | J97: 2018-01-01 | K97: 0000-00-00 | L97: 0000-00-00 | M97: 0000-00-00 | N97: 0000-00-00 | O97: 0000-00-00 | T97: 0000-00-00 | U97: 0 | W97: 0 | X97: 0 | Y97: 0 | AE97: =SUBTOTAL(103,E97) -> 1 | AF97: =VLOOKUP(D97,especies!$A$2:$C$9,3,FALSE) -> 2 | AG97: =AF97&"-"&E97 -> 2-DPC (Doméstico de pelo corto o DSH) | AH97: =VLOOKUP('Fichas clínicas'!AG97,razas!$A$2:$D$66,3,FALSE) -> 51 | AI97: =IF(F97="Hembra","H","M") -> H
A98: 98 | B98: 13847727-4 | C98: Sam | D98: Canis lupus familiaris | E98: Mestizo | F98: Macho | G98: crema | J98: 2019-12-25 | K98: 0000-00-00 | L98: 0000-00-00 | M98: 0000-00-00 | N98: 0000-00-00 | O98: 0000-00-00 | T98: 0000-00-00 | U98: 0 | W98: 0 | X98: 0 | Y98: 0 | AE98: =SUBTOTAL(103,E98) -> 1 | AF98: =VLOOKUP(D98,especies!$A$2:$C$9,3,FALSE) -> 1 | AG98: =AF98&"-"&E98 -> 1-Mestizo | AH98: =VLOOKUP('Fichas clínicas'!AG98,razas!$A$2:$D$66,3,FALSE) -> 1 | AI98: =IF(F98="Hembra","H","M") -> M
A99: 99 | B99: 13847727-4 | C99: doky | D99: Canis lupus familiaris | E99: Poodle | F99: Macho | G99: blanco | J99: 2020-09-23 | K99: 0000-00-00 | L99: 0000-00-00 | M99: 0000-00-00 | N99: 0000-00-00 | O99: 0000-00-00 | T99: 0000-00-00 | U99: 0 | W99: 0 | X99: 0 | Y99: 0 | AE99: =SUBTOTAL(103,E99) -> 1 | AF99: =VLOOKUP(D99,especies!$A$2:$C$9,3,FALSE) -> 1 | AG99: =AF99&"-"&E99 -> 1-Poodle | AH99: =VLOOKUP('Fichas clínicas'!AG99,razas!$A$2:$D$66,3,FALSE) -> 6 | AI99: =IF(F99="Hembra","H","M") -> M
A100: 100 | B100: 16049642-8 | C100: PRINCESA | D100: Canis lupus familiaris | E100: Mestizo | F100: Hembra | G100: BLANCO NEGRO CAFE | J100: 2020-11-15 | K100: 0000-00-00 | L100: 0000-00-00 | M100: 0000-00-00 | N100: 0000-00-00 | O100: 0000-00-00 | T100: 0000-00-00 | U100: 0 | W100: 0 | X100: 0 | Y100: 0 | AE100: =SUBTOTAL(103,E100) -> 1 | AF100: =VLOOKUP(D100,especies!$A$2:$C$9,3,FALSE) -> 1 | AG100: =AF100&"-"&E100 -> 1-Mestizo | AH100: =VLOOKUP('Fichas clínicas'!AG100,razas!$A$2:$D$66,3,FALSE) -> 1 | AI100: =IF(F100="Hembra","H","M") -> H
...

Sheet paciente_tutor
A1: ID_MASCOTA | B1: RUT | C1: NOMBRE_TUTOR | D1: RUT_TUTOR_CON_DATOS
A2: ='Fichas clínicas'!A2 -> 1 | B2: ='Fichas clínicas'!B2 -> 12748091-5 | C2: =VLOOKUP(paciente_tutor!B2,clientes!A2:B1583,2,FALSE) -> Cristina | D2: =IF(C2="#N/A","",B2) -> 12748091-5
A3: ='Fichas clínicas'!A3 -> 2 | B3: ='Fichas clínicas'!B3 -> 19556213-k | C3: =VLOOKUP(paciente_tutor!B3,clientes!A3:B1584,2,FALSE) -> NATACHA | D3: =IF(C3="#N/A","",B3) -> 19556213-k
A4: ='Fichas clínicas'!A4 -> 3 | B4: ='Fichas clínicas'!B4 -> 20315385-6 | C4: =VLOOKUP(paciente_tutor!B4,clientes!A4:B1585,2,FALSE) -> JORDAN | D4: =IF(C4="#N/A","",B4) -> 20315385-6
A5: ='Fichas clínicas'!A5 -> 4 | B5: ='Fichas clínicas'!B5 -> 19249784-1 | C5: =VLOOKUP(paciente_tutor!B5,clientes!A5:B1586,2,FALSE) -> DOMINIQUE | D5: =IF(C5="#N/A","",B5) -> 19249784-1
A6: ='Fichas clínicas'!A6 -> 5 | B6: ='Fichas clínicas'!B6 -> 18590970-0 | C6: =VLOOKUP(paciente_tutor!B6,clientes!A6:B1587,2,FALSE) -> ANTONIO | D6: =IF(C6="#N/A","",B6) -> 18590970-0
A7: ='Fichas clínicas'!A7 -> 6 | B7: ='Fichas clínicas'!B7 -> 13160474-2 | C7: =VLOOKUP(paciente_tutor!B7,clientes!A7:B1588,2,FALSE) -> DANIEL ALEJANDRO | D7: =IF(C7="#N/A","",B7) -> 13160474-2
A8: ='Fichas clínicas'!A8 -> 7 | B8: ='Fichas clínicas'!B8 -> 10782898-2 | C8: =VLOOKUP(paciente_tutor!B8,clientes!A8:B1589,2,FALSE) -> Patricio | D8: =IF(C8="#N/A","",B8) -> 10782898-2
A9: ='Fichas clínicas'!A9 -> 8 | B9: ='Fichas clínicas'!B9 -> 11325552-8 | C9: =VLOOKUP(paciente_tutor!B9,clientes!A9:B1590,2,FALSE) -> Jimena | D9: =IF(C9="#N/A","",B9) -> 11325552-8
A10: ='Fichas clínicas'!A10 -> 9 | B10: ='Fichas clínicas'!B10 -> 20314994-8 | C10: =VLOOKUP(paciente_tutor!B10,clientes!A10:B1591,2,FALSE) -> Francisca Antonia | D10: =IF(C10="#N/A","",B10) -> 20314994-8
A11: ='Fichas clínicas'!A11 -> 10 | B11: ='Fichas clínicas'!B11 -> 20016823-2 | C11: =VLOOKUP(paciente_tutor!B11,clientes!A11:B1592,2,FALSE) -> Mitcheel Cristina Alexandra | D11: =IF(C11="#N/A","",B11) -> 20016823-2
A12: ='Fichas clínicas'!A12 -> 11 | B12: ='Fichas clínicas'!B12 -> 12431326-0 | C12: =VLOOKUP(paciente_tutor!B12,clientes!A12:B1593,2,FALSE) -> JUAN CARLOS | D12: =IF(C12="#N/A","",B12) -> 12431326-0
A13: ='Fichas clínicas'!A13 -> 12 | B13: ='Fichas clínicas'!B13 -> 15758791-9 | C13: =VLOOKUP(paciente_tutor!B13,clientes!A13:B1594,2,FALSE) -> Magdalena Andrea | D13: =IF(C13="#N/A","",B13) -> 15758791-9
... A2357: ='Fichas clínicas'!A2357 -> 2359 | B2357: ='Fichas clínicas'!B2357 -> 16238905-k | C2357: =VLOOKUP(paciente_tutor!B2357,clientes!A2357:B3938,2,FALSE) -> #N/A | D2357: =IF(C2357="#N/A","",B2357) -> #N/A

Sheet clientes
A1: Rut | B1: Nombres | C1: ApPaterno | D1: ApMaterno | E1: Calle | F1: Numero | G1: Region | H1: Comuna | I1: Telefono | J1: Telefono2 | K1: Celular | L1: Celular2 | M1: Email | N1: Observaciones | O1: RazonSocial | P1: Giro | Q1: Contacto
A2: 05175505-7 | B2: JANA | C2: ARRIAGADA | D2: RIEDEMANN | E2: CONDOMINIO RIVERAS DE MIRAFLORES | F2: PARCELA 47 | G2: Región de Los Ríos | H2: VALDIVIA | I2: 978769097 | M2: JANAVALDIVIA@YAHOO.COM
A3: 10016177-k | B3: Marcela | C3: Salazar | D3: Figueroa | E3: Rio Imperial | F3: 4048 | G3: Región de Los Ríos | H3: VALDIVIA | I3: 977672542
A4: 10020390-1 | B4: Jessica | C4: Villablanca | D4: Ugalde | E4: los pelues | F4: 059 | G4: Región de Los Ríos | H4: VALDIVIA | I4: 95433056
A5: 10048099-9 | B5: CAROLINA | C5: ARAYA | D5: PARRA | E5: LAS VIVUÑAS | F5: 1680 | G5: Región de Los Ríos | H5: VALDIVIA | K5: 991342485
A6: 10051505-9 | B6: Amands | C6: Busto | D6: Ferreira | E6: Av raul Saex | F6: 1701 | G6: Región de Los Ríos | H6: VALDIVIA
A7: 10052627-1 | B7: Luciano | C7: Gatica | D7: Soto | E7: Pasaje 5º | F7: 3145 | G7: Región de Los Ríos | H7: VALDIVIA | I7: 959770229
A8: 10065078-9 | B8: Claudio | C8: Villegas | D8: Pérez | E8: Puerto natales | F8: 378 | G8: Región de Los Ríos | H8: VALDIVIA | I8: 982379815
A9: 10073818-k | B9: CARLOS | C9: PALACIOS | D9: CUEVAS | E9: LOS PEUCOS | F9: 1835 | G9: Región de Los Ríos | H9: VALDIVIA | I9: 952767013
A10: 10146302-8 | B10: Miriam | C10: Colimilla | D10: Pichun | E10: Doctor Dabbe | F10: 046 | G10: Región de Los Ríos | H10: VALDIVIA | I10: 955173723 | M10: miriam.luzcp64@gmail.com
A11: 10150042-k | B11: Marta | C11: Lopez | D11: Gonzalez | E11: Altos guacamayo pasaje mapu | F11: 636 | G11: Región de Los Ríos | H11: VALDIVIA | I11: 94292246
A12: 10162153-7 | B12: Alicia | C12: Figueroa | D12: Rivera | E12: Raamon Soto Mayor | F12: 172 | G12: Región de Los Ríos | H12: VALDIVIA | I12: 985399058
A13: 10169509-3 | B13: Elizabeth | C13: Nova | D13: Guajardo | E13: Calle Rodolfo Beckdorf 1785 | F13: 1785 | G13: Región de Los Ríos | H13: VALDIVIA | I13: 968447004
A14: 10181972-8 | B14: Benita | C14: Arauco | D14: Chupin | E14: Los naranjos | F14: 613 | G14: Región de Los Ríos | H14: VALDIVIA | I14: 940536454
A15: 10209704-1 | B15: SILVIA | C15: CHEUQUIAN | D15: CAMAN | E15: LAS AGUILAS | F15: 547 | G15: Región de Los Ríos | H15: VALDIVIA | K15: 989561532
A16: 10251174-3 | B16: ALFREDO | C16: ACEVEDO | D16: SANCHEZ | E16: INT. JOSÉ ANTONIO DE LA CAVADERA | F16: 4478 | G16: Región de Los Ríos | H16: VALDIVIA | I16: 978253724 (Isabel) | K16: 984339080 | M16: wenceslao.acevedos@gmail.com
A17: 10259315-4 | B17: JUANA | C17: HERMOSILLA | D17: BAEZ | E17: LOS JILGUEROS | F17: 663 | G17: Región de Los Ríos | H17: VALDIVIA | K17: 994752655
A18: 10266974-6 | B18: Angélica | C18: Sanchez | D18: Perez | E18: pasaje Carboneros | F18: 876 | G18: Región de Los Ríos | H18: RIO BUENO | I18: 964249430
A19: 10283044-k | B19: ABELARDO | C19: MIRANDA | D19: RUIZ | E19: SAN ANTONIO S/N PELCHUQUIN | F19: 0000 | G19: Región de Los Ríos | H19: MARIQUINA | K19: 99643712 | M19: abelardo4.miranda@gmail.com
A20: 10287799-3 | B20: Rodrigo | C20: VASQUEZ | D20: Peña | E20: LUIS DAMANN ASENJO | F20: 832 | G20: Región de Los Ríos | H20: VALDIVIA | I20: 86617446
A21: 10288313-6 | B21: GUIDO | C21: CACERES | D21: CERDA | E21: ALONSO VILLANUEVA | F21: 461 | G21: Región de Los Ríos | H21: VALDIVIA | K21: 978581734 | M21: gcacerescerda@gmail.com
A22: 10293718-K | B22: Ana Maria | C22: Huile | D22: Carrasco | E22: Luis Damman | F22: 2194 | G22: Región de Los Ríos | H22: VALDIVIA | I22: 967619650
A23: 10314354-3 | B23: Yasna | C23: Becerra | D23: Guajardo | E23: Marcelo Serra Soyer . | F23: 701 | G23: Región de Los Ríos | H23: VALDIVIA | I23: 956184337 | M23: yasnabecerrag@gmail.com
A24: 10324109-K | B24: JOSE LUIS | C24: GUZMAN | D24: SOTO | E24: FELIX GARCIA | F24: 968 | G24: Región de Los Ríos | H24: VALDIVIA | I24: 78685517
A25: 10327188-6 | B25: Eliana | C25: Reyes | D25: Bello | E25: José Ignacio Valdés | F25: 410 | G25: Región de Los Ríos | H25: VALDIVIA | I25: 965288803
A26: 10346203-7 | B26: María | C26: Malpu | D26: Imigo | E26: luis damann | F26: 2062 | G26: Región de Los Ríos | H26: VALDIVIA | I26: 988115092
A27: 10357103-0 | B27: Sandra | C27: Galilea | D27: Hermosilla | E27: Domeyko | F27: 303 | G27: Región de Los Ríos | H27: VALDIVIA | I27: 966786953 | M27: sandragalilea@gmail.com
A28: 10372205-5 | B28: Leticia | C28: Roa | D28: Henriquez | E28: Ricardo Olea | F28: 932 | G28: Región de Los Ríos | H28: VALDIVIA | I28: 977344044 | M28: coke_6668@hotmail.com
A29: 10387154-9 | B29: ALDA | C29: SOTO | D29: PEREZ | E29: NUEVA 2 | F29: 3082 | G29: Región de Los Ríos | H29: VALDIVIA | K29: 968013416
A30: 10396824-0 | B30: VIOLETA | C30: CARRILLO | D30: GUARDA | E30: AV, RAUL SAEZ | F30: 1705 | G30: Región de Los Ríos | H30: VALDIVIA | K30: 66332890
A31: 10427235-5 | B31: Verónica | C31: Quezada | D31: Fontanilla | E31: Gaspar de ahumada | F31: 065 | G31: Región de Los Ríos | H31: VALDIVIA | I31: 91214160
A32: 10438889-2 | B32: Veronica Cecilia | C32: Rosales | D32: Vio | E32: venezuela | F32: 1003 | G32: Región de Los Ríos | H32: VALDIVIA | I32: 89181510 | M32: veronicaceciliavio@gmail.com
A33: 10442254-3 | B33: Patricia Alejandra | C33: Gonzalez | D33: Monsalve | E33: Las gaviotas | F33: poste 5 | G33: Región de Los Ríos | H33: VALDIVIA | L33: 989773945
A34: 10442417-1 | B34: BERTA ANDREA | C34: JARAMILLO | D34: LEIVA | E34: LOS KENAS | F34: 1852 | G34: Región de Los Ríos | H34: VALDIVIA | K34: 998440204
A35: 10442429-5 | B35: Valesca | C35: Navarrete | D35: Velasquez | E35: los quenas | F35: 1840 | G35: Región de Los Ríos | H35: VALDIVIA | I35: 89240453
A36: 10465719-2 | B36: Sandra | C36: García | D36: Santana | E36: Itahue | F36: 406 | G36: Región de Los Ríos | H36: VALDIVIA | I36: 990307740 | M36: cor_entertrise@hotmail.com
A37: 10473035-3 | B37: Oscar | C37: Santana | D37: Herrera | E37: Río Calle calle | F37: 4088 | G37: Región de Los Ríos | H37: VALDIVIA | I37: 988479203
A38: 10502957-8 | B38: GLORIA RUTH | C38: VELASQUEZ | D38: NAVARRETE | E38: PASAJE LAS AGUILAS | F38: 591 | G38: Región de Los Ríos | H38: VALDIVIA | I38: 964458487 | M38: GV227062@GMAIL.COM
A39: 10518589-8 | B39: ALEJANDRINA | C39: VELASQUEZ | D39: MONTAÑA | E39: LOS ROMEROS | F39: 547 | G39: Región de Los Ríos | H39: VALDIVIA | K39: 986452773
A40: 10529851-k | B40: AIDES | C40: SALGADO | D40: RIOS | E40: LOS NARANJOS | F40: 966 | G40: Región de Los Ríos | H40: VALDIVIA | K40: 986162534 | M40: MIGUELMSALGADO@OUTLOOK.COM
A41: 10546018-k | B41: YESSICA | C41: SOTO | D41: JARPA | E41: VOLCÁN PUNTIAGUDO | F41: 4662 | G41: Región de Los Ríos | H41: VALDIVIA | I41: 994034125
A42: 10548242-6 | B42: Veronica | C42: Guarda | D42: Mautz | E42: Las Mulatas | F42: 128 | G42: Región de Los Ríos | H42: VALDIVIA | I42: 68338026
A43: 10568197-6 | B43: ISRAEL | C43: MARTINEZ | D43: MARTINEZ | E43: AGUIRRE PINTO | F43: 554 | G43: Región de Los Ríos | H43: VALDIVIA | K43: 927037077 | L43: 979097855
A44: 10573585-5 | B44: JOSÉ RODRIGO | C44: GONZALEZ | D44: DE LA FUENTE | E44: SCHNEIDER CALLEJÓN SILVA | F44: 3460 | G44: Región de Los Ríos | H44: VALDIVIA | I44: 995129577 | M44: JRGONZALEZDLFUENTES@GMAIL.COM
A45: 10583955-3 | B45: Dino | C45: Vasquez | D45: Vasquez | E45: Las Gaviotas | F45: 19 | G45: Región de Los Ríos | H45: VALDIVIA | I45: 944499408
A46: 10612804-9 | B46: YERTY | C46: MARTINEZ | D46: OLIVA | E46: LAS NUTRIAS | F46: 736 | G46: Región de Los Ríos | H46: VALDIVIA | K46: 994948317
A47: 10621598-7 | B47: ANA | C47: ARAVENA | D47: PACHECO | E47: LOS PETRELES | F47: 444 | G47: Región de Los Ríos | H47: VALDIVIA | I47: 974507888 | M47: ANITARAVENA@GMAIL.COM
A48: 10628325-7 | B48: Maria Helena | C48: Flores | D48: Carvajal | E48: ruta T 424 | F48: 871 | G48: Región de Los Ríos | H48: VALDIVIA | I48: 968790077
A49: 10628825-9 | B49: Marianet | C49: Quiroga | D49: Castro | E49: Jaime de La Guarda | F49: 4547 | G49: Región de Los Ríos | H49: VALDIVIA | I49: 4730800
A50: 10632888-9 | B50: Ignacio | C50: Soto | D50: Alarcon | E50: Los Chincolos | F50: 1654 | G50: Región de Los Ríos | H50: VALDIVIA | I50: 991795027
A51: 10636405-2 | B51: Magaly | C51: Barrios | D51: Diaz | E51: Las mulatas | F51: 109 | G51: Región de Los Ríos | H51: VALDIVIA | I51: 974307515
A52: 10653651-1 | B52: Berta Miguelina | C52: Parada | D52: Martinez | E52: Pasaje las torcasas | F52: 961 | G52: Región de Los Ríos | H52: VALDIVIA | I52: 974533839 | M52: bertap1966@gmail.com
A53: 10672801-1 | B53: Kathy Valeska | C53: Saavedra | D53: Saavedra | E53: Gaspar de ahumada | F53: 255 | G53: Región de Los Ríos | H53: VALDIVIA | I53: 977098091
A54: 10713517-0 | B54: Nancy Del Carmen | C54: Diaz | D54: Epuante | E54: CORAL | F54: 2238 | G54: Región de Los Ríos | H54: VALDIVIA | I54: 956291745
A55: 10741627-7 | B55: Guisela | C55: Catalan | D55: Jaramillo | E55: Villa Brisas de Canaan Pasaje rubi | F55: 2192 | G55: Región de Los Ríos | H55: VALDIVIA | I55: 96137037 | M55: guiselarosanacatalanjaramillo@gmail.com
A56: 10746708-4 | B56: Monica | C56: Ibañez | D56: Saldías | E56: Jorge Bustos | F56: 4044 | G56: Región de Los Ríos | H56: VALDIVIA | I56: 966808240 | M56: monica2111@live.cl
A57: 10769480-3 | B57: Rosa Miriam | C57: JARAMILLO | D57: Ovalle | E57: Los Eucaliptus | F57: 384 | G57: Región de Los Ríos | H57: VALDIVIA | I57: 984372065
A58: 10772313-7 | B58: Maria | C58: Barrientos | D58: Cabrera | E58: Ampliación Villa lo alcalde | F58: 876 | G58: Región de Los Ríos | H58: VALDIVIA | I58: 956000713 | M58: valentina.andrade017@gmail.com
A59: 10779999-0 | B59: Gerdys | C59: Inostroza | D59: Oyarzun | E59: av. raul saez | F59: 1873 | G59: Región de Los Ríos | H59: VALDIVIA | I59: 921991816
A60: 10782898-2 | B60: Patricio | C60: Lagos | D60: Albornoz | E60: Las Mulatas | F60: 895 | G60: Región de Los Ríos | H60: VALDIVIA | I60: 935193652
A61: 10786983-2 | B61: ELIZABETH | C61: MUÑOZ | D61: VALENZUELA | E61: VILLA EL NOGAL, PASAJE NOGAL 1 | F61: 1935 | G61: Región de Los Ríos | H61: VALDIVIA | K61: 997773219
A62: 10788507-2 | B62: ANDRES | C62: PANTOJA | D62: URIBE | E62: PEDRO PRADO | F62: 529 | G62: Región de Los Ríos | H62: VALDIVIA | I62: 941987751 | M62: ANDRES.PANTOJA@OUTLOOK.ES
A63: 10792120-6 | B63: ALEX | C63: MEDINA | D63: BUSTAMANTE | E63: Las Verbenas 150 Pb Ines De Suarez | F63: 150 | G63: Región de Los Ríos | H63: VALDIVIA
A64: 10798646-4 | B64: Lily | C64: Ramos | D64: Rodriguez | E64: Santa Martina | F64: 3734 | G64: Región de Los Ríos | H64: VALDIVIA | I64: 975834545 | M64: lilo.ramro@gmail.com
A65: 10807994-0 | B65: ANDRES | C65: LOBOS | D65: MORALES | E65: LOS TORDOS | F65: 1874 | G65: Región de Los Ríos | H65: VALDIVIA | I65: 978938000
A66: 10820182-7 | B66: Marcelo Alejandro | C66: Lopez | D66: Lopez | E66: CIRCUNVALACIÓN NUEVA REGION | F66: 513 | G66: Región de Los Ríos | H66: VALDIVIA | I66: 977880970 | M66: marcelolo.2.166@gmail.com
A67: 10914895-4 | B67: Ana | C67: Leal | D67: Muñoz | E67: Santiago Dervis Ojeda | F67: 486 | G67: Región de Los Ríos | H67: VALDIVIA | I67: 96175088
A68: 11001326-4 | B68: Viviana Del Carmen | C68: Delgado | D68: Angulo | E68: federico weisse | F68: 319 | G68: Región de Los Ríos | H68: VALDIVIA | I68: 90929292 | M68: delgadovivia065@gmail.com
A69: 11006034-3 | B69: ELSA | C69: FUENTES | D69: PINO | E69: SANTA INES | F69: 3594 | G69: Región de Los Ríos | H69: VALDIVIA | I69: 950660315 | M69: ELSAFUENTES65@GMAIL.COM
A70: 11063854-k | B70: Luisa | C70: Díaz | D70: Muñoz | E70: eladio rojas 3 | F70: 4051 | G70: Región de Los Ríos | H70: VALDIVIA | I70: 98048206
A71: 11081001-6 | B71: SANDRA | C71: TORRES | D71: URIBE | E71: PASAJE LOS CHERCANES | F71: 1760 | G71: Región de Los Ríos | H71: VALDIVIA | I71: 990771133
A72: 11081804-1 | B72: Jacqueline | C72: Guarda | D72: Mautz | E72: Los Tordos | F72: 1850 | G72: Región de Los Ríos | H72: VALDIVIA | I72: 93595382 | M72: jacquelineguarda76@gmail.com
A73: 11114795-7 | B73: Soila Isabel | C73: Ruiz | D73: Poveda | E73: Los hualles | F73: 2101 | G73: Región de Los Ríos | H73: VALDIVIA | K73: 973709397
A74: 11114929-1 | B74: INEZ | C74: CONCHA | D74: GONZALEZ | E74: RAUL SAEZ | F74: 0000 | G74: Región de Los Ríos | H74: VALDIVIA | K74: 954548571
A75: 11116411-8 | B75: JOGE | C75: RUIZ | D75: NAVARRO | E75: PASAJE LOS PETRELES | F75: 495 | G75: Región de Los Ríos | H75: VALDIVIA | I75: 985975148
A76: 11129328-7 | B76: MARIELA | C76: SOLIS | D76: ALARCÓN | E76: FUNDO CUTIPAI | F76: 0000 | G76: Región de Los Ríos | H76: VALDIVIA | K76: 33120791
A77: 11129722-3 | B77: NANCY | C77: POBLETE | D77: SOTO | E77: BRISAS DE GUACAMAYO LOS TEYUES | F77: 351 | G77: Región de Los Ríos | H77: VALDIVIA | I77: 977039376
A78: 11129803-3 | B78: Verónica | C78: Arriagada | D78: Troncoso | E78: Las Vicuñas | F78: 1670 | G78: Región de Los Ríos | H78: VALDIVIA | I78: 955344287
A79: 11129923-4 | B79: RUTH | C79: VERA | D79: ALVAREZ | E79: AV. CIRCUNVALACIÓN NUEVA REGIÓN | F79: 823 | G79: Región de Los Ríos | H79: VALDIVIA | I79: 967779273 | M79: RUTHVERAALVAREZ@HOTMAIL.COM
A80: 11130238-3 | B80: Mario | C80: Moreira | D80: Sandoval | E80: Guacamayo | F80: 0000 | G80: Región de Los Ríos | H80: VALDIVIA | I80: 973980256
A81: 11138364-2 | B81: JUANITA | C81: NAVARRETE | D81: AGUILAR | E81: LOA MANUTARA | F81: 1862 | G81: Región de Los Ríos | H81: VALDIVIA | K81: 087527606
A82: 11187385-2 | B82: ARNOLDO FABIAN | C82: CIFUENTES | D82: GUTIERREZ | E82: LOS NARANJOS | F82: 741 | G82: Región de Los Ríos | H82: VALDIVIA | I82: 962050427
A83: 11305611-8 | B83: Luz | C83: MARTINEZ | D83: DIAZ | E83: los charcanes | F83: 1763 | G83: Región de Los Ríos | H83: VALDIVIA | I83: 98848306
A84: 11306458-7 | B84: Hernan | C84: Ramirez | D84: Nahuelpan | E84: RAUL SAEZ | F84: 1877 | G84: Región de Los Ríos | H84: VALDIVIA | I84: 85500836
A85: 11315566-3 | B85: Marcelo | C85: Cañas | D85: Huequeman | E85: Pedro montoya | F85: 430 | G85: Región de Los Ríos | H85: VALDIVIA | I85: 949166640 | M85: marcelocanas8@gmail.com
A86: 11323841-0 | B86: René | C86: Biava | D86: Molina | E86: Antonio Fernandez 1 | F86: 3081 | G86: Región de Los Ríos | H86: VALDIVIA | I86: 953613254 | M86: biavarene7@gmail.com
A87: 11323923-9 | B87: RAQUEL | C87: ALVAREZ | D87: ROMERO | E87: SANTA LAURA | F87: 716 | G87: Región de Los Ríos | H87: VALDIVIA | I87: 979337465 | M87: GLORIAALVAREZ1968@HOTMAIL.COM
A88: 11324412-7 | B88: David Eduardo | C88: Vera | D88: Becerra | E88: inten | F88: 942 | G88: Región de Los Ríos | H88: VALDIVIA | I88: 944643603 | M88: davideduardo4@gmail.com
A89: 11324483-6 | B89: VICTOR | C89: CALUPI | D89: PASMIÑO | E89: LOS HUALOS | F89: 2019 | G89: Región de Los Ríos | H89: VALDIVIA | K89: 967783012
A90: 11324774-6 | B90: Ivonne | C90: Sepúlveda | D90: Schulz | E90: General lagos | F90: 1850 | G90: Región de Los Ríos | H90: VALDIVIA | I90: 987675452 | M90: josefrida68@gmail.com
A91: 11324798-3 | B91: Margarita | C91: Jaramillo | D91: Brandt | E91: Parque llancahue | F91: 408 | G91: Región de Los Ríos | H91: VALDIVIA | I91: 950279077 | M91: margaritasavo@gmail.com
A92: 11325325-8 | B92: Claudia Palma | C92: Palma | D92: Arcos | E92: Avenida Lynch PSJE 21 | F92: 825 | G92: Región de Los Ríos | H92: VALDIVIA | I92: 976567219 | M92: claudia.palma.fedor@gmail.com
A93: 11325407-6 | B93: Jorge | C93: Candia | D93: Saravia | E93: Manuel Rodriguez | F93: 715 | G93: Región de Los Ríos | H93: VALDIVIA | K93: 987492650
A94: 11325482-3 | B94: Mauricio | C94: Guajardo | D94: Barrientos | E94: Gral Montecinos | F94: 2990 | G94: Región de Los Ríos | H94: VALDIVIA | I94: 84896047
A95: 11325552-8 | B95: Jimena | C95: Muñoz | D95: Fuentealba | E95: La Estancia Federico Weise | F95: 487 | G95: Región de Los Ríos | H95: VALDIVIA | I95: 985694732
A96: 11325570-6 | B96: PATRICIA | C96: HERNANDEZ | D96: GUERRERO | E96: LAS TENCAS | F96: 1870 | G96: Región de Los Ríos | H96: VALDIVIA | I96: 982634257
A97: 11325627-3 | B97: MARIA ANGELICA | C97: MARAGAÑO | D97: DOMINGUEZ | E97: LUIS DAMANN ASENJO | F97: 1935 | G97: Región de Los Ríos | H97: VALDIVIA | I97: 963313691
A98: 11353947-K | B98: MARCOS | C98: ALVAREZ | D98: CARCAMO | E98: LOS TUAOS | F98: 367 | G98: Región de Los Ríos | H98: VALDIVIA | I98: 959100367
A99: 11364926-7 | B99: Mary | C99: Lorca | D99: Muñoz | E99: circunvalacion sur | F99: 14 | G99: Región de Los Ríos | H99: VALDIVIA | I99: 973197723 | M99: marylorcaa@gmail.com
A100: 11411223-2 | B100: Monica Jaqueline | C100: Gonzalez | D100: Mella | E100: las palmas | F100: 2073 | G100: Región de Los Ríos | H100: VALDIVIA | I100: 972986482
...

Sheet especies
A1: nombre_especie | B1: nombre_comun | C1: id_especie
A2: Canis lupus familiaris | B2: Perro | C2: 1
A3: Felis silvestris catus | B3: Gato | C3: 2
A4: Otra | B4: Otra | C4: 3
A5: Erinaceidae | B5: Erizo | C5: 4
A6: Cricetinos | B6: Hamster | C6: 5
A7: Oryctolagus cuniculus | B7: Conejo | C7: 6
A8: Quelonios | B8: Tortuga | C8: 7
A9: Cavia porcellus (cobayos) | B9: Cuy | C9: 8

Sheet razas
A1: especie-raza | B1: nombre | C1: id_raza | D1: id_especie
A2: =D2&"-"&B2 -> 1-Mestizo | B2: Mestizo | C2: 1 | D2: 1
A3: =D3&"-"&B3 -> 1-Fox Terrier Pelo Corto | B3: Fox Terrier Pelo Corto | C3: 2 | D3: 1
A4: =D4&"-"&B4 -> 1-Shar-Pei | B4: Shar-Pei | C4: 3 | D4: 1
A5: =D5&"-"&B5 -> 1-Caniche | B5: Caniche | C5: 4 | D5: 1
A6: =D6&"-"&B6 -> 1-Yorkshire Terrier | B6: Yorkshire Terrier | C6: 5 | D6: 1
A7: =D7&"-"&B7 -> 1-Poodle | B7: Poodle | C7: 6 | D7: 1
A8: =D8&"-"&B8 -> 1-Shih Tzu | B8: Shih Tzu | C8: 7 | D8: 1
A9: =D9&"-"&B9 -> 1-Teckel | B9: Teckel | C9: 8 | D9: 1
A10: =D10&"-"&B10 -> 1-Chow-Chow | B10: Chow-Chow | C10: 9 | D10: 1
A11: =D11&"-"&B11 -> 1-Terrier Chileno | B11: Terrier Chileno | C11: 10 | D11: 1
A12: =D12&"-"&B12 -> 1-Pug | B12: Pug | C12: 11 | D12: 1
A13: =D13&"-"&B13 -> 1-Ovejero Alemán | B13: Ovejero Alemán | C13: 12 | D13: 1
... A66: =D66&"-"&B66 -> 8-Americana | B66: Americana | C66: 65 | D66: 8

Sheet funcion_lista_razas
A1: {=_xlfn.UNIQUE(IF('Fichas clínicas'!AE2:AE2357=1,'Fichas clínicas'!E2:E2357,""))} -> Mestizo | E1: Perro | F1: Gato | G1: Otra | H1: Erizo | I1: Hamster | J1: Conejo | K1: Tortuga | L1: Cuy
A2: DPC (Doméstico de pelo corto o DSH) | E2: Mestizo | F2: DPC (Doméstico de pelo corto o DSH) | G2: Otra | H2: Erizo de Tierra | I2: Hamster Dorado | J2: Enana | K2: Tortuga de oreja roja | L2: Americana
A3: Fox Terrier Pelo Corto | E3: Fox Terrier Pelo Corto | F3: DPL (Doméstico de pelo Largo o DLH) | I3: Hamster Chino | J3: Cabeza de León
A4: Shar-Pei | E4: Shar-Pei | F4: Británico de Pelo Corto | J4: Conejo Doméstico
A5: DPL (Doméstico de pelo Largo o DLH) | E5: Caniche | F5: Persa | J5: Conejo Angora
A6: Caniche | E6: Yorkshire Terrier | J6: Orejas Caidas
A7: Yorkshire Terrier | E7: Poodle
A8: Poodle | E8: Shih Tzu
A9: Shih Tzu | E9: Teckel
A10: Teckel | E10: Chow-Chow
A11: Chow-Chow | E11: Terrier Chileno
A12: Otra | E12: Pug
A13: Terrier Chileno | E13: Ovejero Alemán
A14: Pug | E14: Beagle
A15: Ovejero Alemán | E15: Boxer
A16: Beagle | E16: Akita Americano
A17: Boxer | E17: Golden Retriever
A18: Akita Americano | E18: Malamute de Alaska
... A51: Conejo Doméstico | E51: Dobermann
A52: Tortuga de oreja roja
A53: Americana
A54: Staffordshire Terrier Americano
A55: Hamster Chino
A56: Bulldog
A57: Conejo Angora
A58: Schnauzer Miniatura
A59: Jack Russell terrier
A60: Braco de Ariege
A61: Persa
A62: Orejas Caidas
A63: Pequinés
... A65: Dobermann
